"ASRock Z77 Extreme6, LGA 1155, Mobo with intel i5 - 3570k and 32gb ram hyperX",146.00,Pre-owned,1 bid,22-Aug 21:26,9.00
asrock z77 extreme4,73.00,Pre-owned,10 bids,17-Aug 10:54,5.57
"ASRock Z77 Extreme4 LGA 1155 Motherboard, 3.3GHz Intel core I5-2500k,4096 Memory",70.00,Pre-owned,4 bids,17-Aug 09:31,4.10
ASRock Z77 Extreme6 LGA 1155 Socket H2 Intel Motherboard,102.00,Opened – never used,11 bids,15-Aug 18:07,3.70
"ASRock Z77 Extreme4, LGA 1155/Socket H2, Intel (90-MXGKX0-A0UAYZ) Motherboard",71.00,Pre-owned,11 bids,11-Aug 11:39,5.57
"ASRock Z77 Extreme4, LGA 1155/Socket H2, Intel (90-MXGKX0-A0UAYZ) Motherboard",14.20,Parts only,1 bid,10-Aug 16:26,4.95
ASROCK Z77 Extreme4  SOCKET 1155 MOTHERBOARD,45.00,Pre-owned,33 bids,07-Aug 17:38,Free
"ASRock Z77 Extreme4, LGA 1155/Socket H2, Intel (90-MXGKX0-A0UAYZ) Motherboard",67.99,Pre-owned,14 bids,05-Aug 09:15,6.00
"ASRock Z77 Extreme6, LGA 1155/Socket H2, Intel Motherboard",70.00,Pre-owned,14 bids,04-Aug 17:11,9.02
Original ASRock Z77 Extreme4 Intel Z77 Motherboard LGA 1155 DDR3,99.45,Refurbished,*Buy Now*,03-Aug 08:58,Free
"ASRock Z77 Extreme6, LGA 1155/Socket H2, Intel (90-MXGJK0-A0UAYZ) Motherboard",52.00,Pre-owned,19 bids,02-Aug 13:29,10.00
ASROCK Z77 Extreme4  SOCKET 1155 MOTHERBOARD,114.95,Pre-owned,*Buy Now*,11-Jul 18:44,Free
"ASRock Z77 Extreme4, LGA 1155/Socket H2, Intel (90-MXGKX0-A0UAYZ) Motherboard",70.00,Pre-owned,*Buy Now*,08-Jul 10:27,5.57
ASRock Z77 Extreme6 LGA 1155 Socket H2 Intel Motherboard,72.00,Pre-owned,28 bids,06-Jul 21:06,15.00
"ASRock Z77 Extreme4, LGA 1155/Socket H2, Intel (90-MXGKX0-A0UAYZ) Motherboard",21.30,Parts only,1 bid,03-Jul 11:14,5.59
"ASRock Z77 Extreme4, LGA 1155/Socket H2, Intel (90-MXGKX0-A0UAYZ) Motherboard",99.99,Pre-owned,*Buy Now*,02-Jul 08:03,Free
"ASRock Z77 Extreme4, LGA 1155/Socket H2, Intel (90-MXGKX0-A0UAYZ) Motherboard",52.00,Pre-owned,5 bids,26-Jun 17:53,Free
"ASRock Z77 Extreme4, LGA 1155/Socket H2, Intel (90-MXGKX0-A0UAYZ) Motherboard",82.00,Pre-owned,26 bids,22-Jun 12:57,5.57
ASROCK Z77 Extreme4 SOCKET 1155 MOTHERBOARD,114.95,Pre-owned,*Buy Now*,22-Jun 11:02,Free
"ASRock Z77 Extreme4, LGA 1155/Socket H2, Intel (90-MXGKX0-A0UAYZ) Motherboard",93.00,Pre-owned,19 bids,20-Jun 15:25,5.50
Intel i5-2500k Processor & ASRock Z77 Extreme4 Motherboard BUNDLE,99.00,Pre-owned,5 bids,19-Jun 19:01,4.10
"ASRock Z77 Extreme4, LGA 1155/Socket H2, Intel (90-MXGKX0-A0UAYZ) Motherboard",20.00,Parts only,1 bid,18-Jun 14:12,5.59
"ASRock Z77 Extreme4, LGA 1155/Socket H2, Intel (90-MXGKX0-A0UAYZ) Motherboard",119.99,Pre-owned,*Buy Now*,08-Jun 17:43,Free
"ASRock Z77 Extreme4, LGA 1155/Socket H2, Intel Motherboard",51.00,Pre-owned,14 bids,06-Jun 18:04,5.57
ASRock Z77 Extreme3 LGA 1155 Intel Z77 DDR3 ATX DVI HDMI USB3.0 2K Motherboard,94.09,Pre-owned,*Buy Now*,03-Jun 21:51,Free
ASROCK Z77 EXTREME4-M LGA1155 INTEL MOTHERBOARD FAULTY WITHOUT I/0 SHIELD,24.99,Parts only,*Buy Now*,01-Jun 18:55,Free
"AsRock Z77 Extreme4 Motherboard (Socket 1155, Intel Z77, Up to 32GB DDR3, ATX)",65.00,Pre-owned,9 bids,31-May 22:29,3.50
ASROCK EXTREME11 Z77 LGA 1155 MOTHERBOARD + I/O SHIELD + MANUAL,73.00,Pre-owned,38 bids,31-May 20:06,Free
ASRock Z77 Extreme4-M Motherboard | MATX Form LGA 1155 | Ivy Bridge Sandy Bridge,60.00,Parts only,*Buy Now*,31-May 14:18,Free
"ASRock Z77 Extreme4, LGA 1155/Socket H2, Intel (90-MXGKX0-A0UAYZ) Motherboard",119.99,Pre-owned,*Buy Now*,27-May 08:43,Free
"ASRock Z77 Extreme4, LGA 1155/Socket H2, Intel (90-MXGKX0-A0UAYZ) Motherboard",110.00,Pre-owned,*Buy Now*,26-May 11:43,Free
"ASRock Z77 Extreme6, LGA 1155, Mobo with intel i5 - 3570k and 32gb ram hyperX",146.00,Pre-owned,1 bid,22-Aug 21:26,9.00
asrock z77 extreme4,73.00,Pre-owned,10 bids,17-Aug 10:54,5.57
"ASRock Z77 Extreme4 LGA 1155 Motherboard, 3.3GHz Intel core I5-2500k,4096 Memory",70.00,Pre-owned,4 bids,17-Aug 09:31,4.10
ASRock Z77 Extreme6 LGA 1155 Socket H2 Intel Motherboard,102.00,Opened – never used,11 bids,15-Aug 18:07,3.70
"ASRock Z77 Extreme4, LGA 1155/Socket H2, Intel (90-MXGKX0-A0UAYZ) Motherboard",71.00,Pre-owned,11 bids,11-Aug 11:39,5.57
"ASRock Z77 Extreme4, LGA 1155/Socket H2, Intel (90-MXGKX0-A0UAYZ) Motherboard",14.20,Parts only,1 bid,10-Aug 16:26,4.95
ASROCK Z77 Extreme4  SOCKET 1155 MOTHERBOARD,45.00,Pre-owned,33 bids,07-Aug 17:38,Free
"ASRock Z77 Extreme4, LGA 1155/Socket H2, Intel (90-MXGKX0-A0UAYZ) Motherboard",67.99,Pre-owned,14 bids,05-Aug 09:15,6.00
"ASRock Z77 Extreme6, LGA 1155/Socket H2, Intel Motherboard",70.00,Pre-owned,14 bids,04-Aug 17:11,9.02
Original ASRock Z77 Extreme4 Intel Z77 Motherboard LGA 1155 DDR3,99.45,Refurbished,*Buy Now*,03-Aug 08:58,Free
"ASRock Z77 Extreme6, LGA 1155/Socket H2, Intel (90-MXGJK0-A0UAYZ) Motherboard",52.00,Pre-owned,19 bids,02-Aug 13:29,10.00
ASROCK Z77 Extreme4  SOCKET 1155 MOTHERBOARD,114.95,Pre-owned,*Buy Now*,11-Jul 18:44,Free
"ASRock Z77 Extreme4, LGA 1155/Socket H2, Intel (90-MXGKX0-A0UAYZ) Motherboard",70.00,Pre-owned,*Buy Now*,08-Jul 10:27,5.57
ASRock Z77 Extreme6 LGA 1155 Socket H2 Intel Motherboard,72.00,Pre-owned,28 bids,06-Jul 21:06,15.00
"ASRock Z77 Extreme4, LGA 1155/Socket H2, Intel (90-MXGKX0-A0UAYZ) Motherboard",21.30,Parts only,1 bid,03-Jul 11:14,5.59
"ASRock Z77 Extreme4, LGA 1155/Socket H2, Intel (90-MXGKX0-A0UAYZ) Motherboard",99.99,Pre-owned,*Buy Now*,02-Jul 08:03,Free
"ASRock Z77 Extreme4, LGA 1155/Socket H2, Intel (90-MXGKX0-A0UAYZ) Motherboard",52.00,Pre-owned,5 bids,26-Jun 17:53,Free
"ASRock Z77 Extreme4, LGA 1155/Socket H2, Intel (90-MXGKX0-A0UAYZ) Motherboard",82.00,Pre-owned,26 bids,22-Jun 12:57,5.57
ASROCK Z77 Extreme4 SOCKET 1155 MOTHERBOARD,114.95,Pre-owned,*Buy Now*,22-Jun 11:02,Free
"ASRock Z77 Extreme4, LGA 1155/Socket H2, Intel (90-MXGKX0-A0UAYZ) Motherboard",93.00,Pre-owned,19 bids,20-Jun 15:25,5.50
Intel i5-2500k Processor & ASRock Z77 Extreme4 Motherboard BUNDLE,99.00,Pre-owned,5 bids,19-Jun 19:01,4.10
"ASRock Z77 Extreme4, LGA 1155/Socket H2, Intel (90-MXGKX0-A0UAYZ) Motherboard",20.00,Parts only,1 bid,18-Jun 14:12,5.59
"ASRock Z77 Extreme4, LGA 1155/Socket H2, Intel (90-MXGKX0-A0UAYZ) Motherboard",119.99,Pre-owned,*Buy Now*,08-Jun 17:43,Free
"ASRock Z77 Extreme4, LGA 1155/Socket H2, Intel Motherboard",51.00,Pre-owned,14 bids,06-Jun 18:04,5.57
ASRock Z77 Extreme3 LGA 1155 Intel Z77 DDR3 ATX DVI HDMI USB3.0 2K Motherboard,94.09,Pre-owned,*Buy Now*,03-Jun 21:51,Free
ASROCK Z77 EXTREME4-M LGA1155 INTEL MOTHERBOARD FAULTY WITHOUT I/0 SHIELD,24.99,Parts only,*Buy Now*,01-Jun 18:55,Free
"AsRock Z77 Extreme4 Motherboard (Socket 1155, Intel Z77, Up to 32GB DDR3, ATX)",65.00,Pre-owned,9 bids,31-May 22:29,3.50
ASROCK EXTREME11 Z77 LGA 1155 MOTHERBOARD + I/O SHIELD + MANUAL,73.00,Pre-owned,38 bids,31-May 20:06,Free
ASRock Z77 Extreme4-M Motherboard | MATX Form LGA 1155 | Ivy Bridge Sandy Bridge,60.00,Parts only,*Buy Now*,31-May 14:18,Free
"ASRock Z77 Extreme4, LGA 1155/Socket H2, Intel (90-MXGKX0-A0UAYZ) Motherboard",119.99,Pre-owned,*Buy Now*,27-May 08:43,Free
"ASRock Z77 Extreme4, LGA 1155/Socket H2, Intel (90-MXGKX0-A0UAYZ) Motherboard",110.00,Pre-owned,*Buy Now*,26-May 11:43,Free
