MSI Radeon RX 580 ARMOR 8G OC Graphics Card - Pre Used but good condition,145.00,Pre-owned,16 bids,26-Aug 19:00,4.10
ASUS AREZ Radeon RX 580 Dual OC 8GB GDDR5 Graphics Card (AREZ-DUAL-RX580-O8G),105.00,Pre-owned,21 bids,26-Aug 18:31,5.00
SAPPHIRE NITRO+ RADEON RX 580 8GB GDDR5 GRAPHICS CARD. VERY GOOD CONDITION.,124.01,Pre-owned,14 bids,26-Aug 18:00,8.00
MSI Radeon RX580 4GB Gaming X,90.00,Pre-owned,*Buy Now*,26-Aug 16:07,9.95
ASUS Dual OC RX 580 8GB Graphics Card 5,134.99,Pre-owned,*Buy Now*,26-Aug 15:42,5.00
 Sapphire 11265-01-20G Radeon NITRO+ RX 580 8GB GDDR5 DUAL HDMI/DVI-D/DUAL,161.34,Pre-owned,*Buy Now*,26-Aug 15:27,15.22
SAPPHIRE NITRO+ Radeon RX 580 8GB GDDR5 Graphics Card,198.00,Brand new,*Buy Now*,26-Aug 14:58,4.10
MSI Radeon RX 580 GAMING X 8 GB GDDR5 2xDP/2xHDMI/DVI-D Graphics Card,140.00,Pre-owned,*Buy Now*,26-Aug 14:54,Free
SAPPHIRE Nitro+ Radeon RX 580 8GB GDDR5 Graphics Card,166.71,Pre-owned,*Buy Now*,26-Aug 14:52,13.48
SAPPHIRE  RX 580 NITRO+ 8GB GDDR5 Graphics Card,145.00,Pre-owned,*Buy Now*,26-Aug 14:50,5.20
MSI Radeon RX 580 8GB ARMOR Graphics Card,154.49,Brand new,*Buy Now*,26-Aug 13:44,Free
Sapphire radeon pulse rx 580 8gb gddr5,129.99,Opened – never used,*Buy Now*,26-Aug 06:43,Free
"Sapphire RX 580 Nitro+ Graphics Card, 4GB GDDR5 OC edition",100.00,Pre-owned,*Buy Now*,25-Aug 23:07,12.00
MSI Radeon RX 580 8 GB Armor OC Graphics Card - Currys,155.00,Brand new,*Buy Now*,25-Aug 21:28,Free
SAPPHIRE NITRO+ Radeon RX 580 4GB GDDR5 Graphics Card (11265-07-20G),106.28,Pre-owned,27 bids,25-Aug 16:16,10.00
Sapphire AMD Radeon RX 580 GDDR5 8GB NITRO+ Graphics Card,150.00,Pre-owned,*Buy Now*,25-Aug 14:29,7.28
Rx 580 8gb untested,73.50,Pre-owned,19 bids,25-Aug 13:43,1.64
Sonnet eGFX Breakaway Box 350W eGPU + AMD Radeon RX580 ideal for Mac,351.00,Pre-owned,7 bids,25-Aug 12:36,15.00
GIGABYTE RADEON RX580 4GB DVI HDMI DisplayPort video graphics card,109.99,Pre-owned,*Buy Now*,25-Aug 12:28,Free
XFX RX580 8gb GTS OC Edition Graphics Card - PRISTINE,144.99,Pre-owned,*Buy Now*,25-Aug 10:52,Free
"MSI Radeon RX 580 ARMOR 8G OC Graphics Card Good condition , 1080p ultra 60fps",119.99,Pre-owned,*Buy Now*,25-Aug 08:16,Free
SAPPHIRE PULSE Radeon RX 580 8GB GDDR5 Graphics Card in box,129.00,Refurbished,7 bids,25-Aug 07:11,Free
SAPPHIRE NITRO+ Radeon RX 580 4GB GDDR5 Graphics Card (11265-07-20G),89.99,Pre-owned,1 bid,24-Aug 23:20,9.02
ASUS AMD Radeon ROG Strix RX 580 8gGB Gaming Graphics Card,126.00,Pre-owned,5 bids,24-Aug 22:51,7.39
ASUS Dual OC RX 580 8GB Graphics Card 2,134.99,Pre-owned,*Buy Now*,24-Aug 22:27,5.00
MSI Radeon RX 580 GAMING X 8 GB GDDR5 2xDP/2xHDMI/DVI-D Graphics Card,120.00,Pre-owned,5 bids,24-Aug 21:31,5.99
PowerColor Radeon RX 580 RED Dragon V2 Radeon RX580 Graphic Card 8 GB,129.99,Pre-owned,*Buy Now*,24-Aug 20:35,Free
"MSI Radeon RX 580 ARMOR 8G OC Graphics Card Good condition , 1080p ultra 60fps",130.00,Pre-owned,*Buy Now*,24-Aug 19:36,5.20
PowerColor Radeon RX 580 RED Dragon V2 Radeon RX580 Graphic Card 8 GB,149.99,Pre-owned,*Buy Now*,24-Aug 19:10,2.99
GPU Cooler Graphics Card Fan GIGABYTE GV-RX570AORUS GVRX580AORUS Replacement New,13.99,Brand new,*Buy Now*,24-Aug 18:56,Free
Sapphire Radeon Rx 580 8Gb Gddr5 Pulse Amd 11265-05-20G,150.00,Pre-owned,*Buy Now*,24-Aug 14:52,Free
radeon rx 580 8gb red dragon,111.00,Pre-owned,6 bids,24-Aug 13:52,4.10
SAPPHIRE Radeon RX 580 8gb NITRO Special Edition,175.00,Pre-owned,*Buy Now*,24-Aug 13:47,7.10
Genuine SAPPHIRE NITRO+ RADEON RX 580 4GB G5 GPU in Excellent Condition UK,118.00,Refurbished,*Buy Now*,24-Aug 13:24,5.99
SAPPHIRE 11265-01-20G Radeon RX 580 8GB GDDR5 Graphics Card,130.00,Pre-owned,*Buy Now*,24-Aug 12:55,6.00
MSI Apple Mac Pro AMD Radeon RX580 8GB PCI-E Video Card 7950 Catalina 680 K5000,272.94,New (other),*Buy Now*,24-Aug 12:06,65.64
MSI Radeon RX 580 ARMOR 8GB OC Graphics Card GPU ,110.00,Pre-owned,*Buy Now*,24-Aug 10:43,Free
Genuine SAPPHIRE NITRO+ RADEON RX 580 4GB G5 GPU in Excellent Condition UK,118.00,Refurbished,*Buy Now*,24-Aug 09:25,5.99
ASUS Dual OC RX 580 8GB Graphics Card 3,134.99,Pre-owned,*Buy Now*,23-Aug 21:07,5.00
SAPPHIRE Pulse AMD Radeon RX 580 4GB GDDR5 graphics card - excellent condition,95.00,Pre-owned,14 bids,23-Aug 20:59,Free
ASUS Dual OC RX 580 8GB Graphics Card,134.99,Pre-owned,*Buy Now*,23-Aug 20:46,5.00
PowerColor Radeon RX 580 RED Dragon V2 Graphic Card 8 GB,125.00,Pre-owned,*Buy Now*,23-Aug 20:31,Free
Sapphire AMD Radeon RX 580 GDDR5 8GB NITRO+ Graphics Card,74.00,Parts only,29 bids,23-Aug 19:05,8.00
PowerColor Red Devil Radeon RX 580 8GB GDDR5 Golden Sample,127.00,Pre-owned,16 bids,23-Aug 18:39,8.80
Sapphire Radeon Pulse RX 580 8gb GDDR5 11265-05-20G,125.00,Pre-owned,1 bid,23-Aug 13:45,4.10
MSI GAMING X RX 580 8GB Graphics Card 2,139.90,Pre-owned,*Buy Now*,23-Aug 13:23,5.00
"AMD APPLE Radeon RX 580 NITRO 8GB Mac Edition With Boot screen, for Mac Pro",359.95,Refurbished,*Buy Now*,23-Aug 13:14,Free
MSI Radeon RX 580 Gaming X Plus 8GB DDR5 Perfect Condition Tested and Working,134.00,Pre-owned,9 bids,23-Aug 11:52,5.00
SAPPHIRE 11265-01-20G Radeon RX 580 8GB GDDR5 Graphics Card,160.00,Refurbished,*Buy Now*,23-Aug 01:31,Free
Gigabyte Aorus AMD Radeon Rx 580 4GB GV-RX580AORUS-4GD,131.28,Pre-owned,*Buy Now*,23-Aug 01:22,54.70
MSI Radeon RX 580 ARMOR 8G OC Graphics Card - Pre Used but good condition,145.00,Pre-owned,16 bids,26-Aug 19:00,4.10
ASUS AREZ Radeon RX 580 Dual OC 8GB GDDR5 Graphics Card (AREZ-DUAL-RX580-O8G),105.00,Pre-owned,21 bids,26-Aug 18:31,5.00
SAPPHIRE NITRO+ RADEON RX 580 8GB GDDR5 GRAPHICS CARD. VERY GOOD CONDITION.,124.01,Pre-owned,14 bids,26-Aug 18:00,8.00
MSI Radeon RX580 4GB Gaming X,90.00,Pre-owned,*Buy Now*,26-Aug 16:07,9.95
ASUS Dual OC RX 580 8GB Graphics Card 5,134.99,Pre-owned,*Buy Now*,26-Aug 15:42,5.00
 Sapphire 11265-01-20G Radeon NITRO+ RX 580 8GB GDDR5 DUAL HDMI/DVI-D/DUAL,161.34,Pre-owned,*Buy Now*,26-Aug 15:27,15.22
SAPPHIRE NITRO+ Radeon RX 580 8GB GDDR5 Graphics Card,198.00,Brand new,*Buy Now*,26-Aug 14:58,4.10
MSI Radeon RX 580 GAMING X 8 GB GDDR5 2xDP/2xHDMI/DVI-D Graphics Card,140.00,Pre-owned,*Buy Now*,26-Aug 14:54,Free
SAPPHIRE Nitro+ Radeon RX 580 8GB GDDR5 Graphics Card,166.71,Pre-owned,*Buy Now*,26-Aug 14:52,13.48
SAPPHIRE  RX 580 NITRO+ 8GB GDDR5 Graphics Card,145.00,Pre-owned,*Buy Now*,26-Aug 14:50,5.20
MSI Radeon RX 580 8GB ARMOR Graphics Card,154.49,Brand new,*Buy Now*,26-Aug 13:44,Free
Sapphire radeon pulse rx 580 8gb gddr5,129.99,Opened – never used,*Buy Now*,26-Aug 06:43,Free
"Sapphire RX 580 Nitro+ Graphics Card, 4GB GDDR5 OC edition",100.00,Pre-owned,*Buy Now*,25-Aug 23:07,12.00
MSI Radeon RX 580 8 GB Armor OC Graphics Card - Currys,155.00,Brand new,*Buy Now*,25-Aug 21:28,Free
SAPPHIRE NITRO+ Radeon RX 580 4GB GDDR5 Graphics Card (11265-07-20G),106.28,Pre-owned,27 bids,25-Aug 16:16,10.00
Sapphire AMD Radeon RX 580 GDDR5 8GB NITRO+ Graphics Card,150.00,Pre-owned,*Buy Now*,25-Aug 14:29,7.28
Rx 580 8gb untested,73.50,Pre-owned,19 bids,25-Aug 13:43,1.64
Sonnet eGFX Breakaway Box 350W eGPU + AMD Radeon RX580 ideal for Mac,351.00,Pre-owned,7 bids,25-Aug 12:36,15.00
GIGABYTE RADEON RX580 4GB DVI HDMI DisplayPort video graphics card,109.99,Pre-owned,*Buy Now*,25-Aug 12:28,Free
XFX RX580 8gb GTS OC Edition Graphics Card - PRISTINE,144.99,Pre-owned,*Buy Now*,25-Aug 10:52,Free
"MSI Radeon RX 580 ARMOR 8G OC Graphics Card Good condition , 1080p ultra 60fps",119.99,Pre-owned,*Buy Now*,25-Aug 08:16,Free
SAPPHIRE PULSE Radeon RX 580 8GB GDDR5 Graphics Card in box,129.00,Refurbished,7 bids,25-Aug 07:11,Free
SAPPHIRE NITRO+ Radeon RX 580 4GB GDDR5 Graphics Card (11265-07-20G),89.99,Pre-owned,1 bid,24-Aug 23:20,9.02
ASUS AMD Radeon ROG Strix RX 580 8gGB Gaming Graphics Card,126.00,Pre-owned,5 bids,24-Aug 22:51,7.39
ASUS Dual OC RX 580 8GB Graphics Card 2,134.99,Pre-owned,*Buy Now*,24-Aug 22:27,5.00
MSI Radeon RX 580 GAMING X 8 GB GDDR5 2xDP/2xHDMI/DVI-D Graphics Card,120.00,Pre-owned,5 bids,24-Aug 21:31,5.99
PowerColor Radeon RX 580 RED Dragon V2 Radeon RX580 Graphic Card 8 GB,129.99,Pre-owned,*Buy Now*,24-Aug 20:35,Free
"MSI Radeon RX 580 ARMOR 8G OC Graphics Card Good condition , 1080p ultra 60fps",130.00,Pre-owned,*Buy Now*,24-Aug 19:36,5.20
PowerColor Radeon RX 580 RED Dragon V2 Radeon RX580 Graphic Card 8 GB,149.99,Pre-owned,*Buy Now*,24-Aug 19:10,2.99
GPU Cooler Graphics Card Fan GIGABYTE GV-RX570AORUS GVRX580AORUS Replacement New,13.99,Brand new,*Buy Now*,24-Aug 18:56,Free
Sapphire Radeon Rx 580 8Gb Gddr5 Pulse Amd 11265-05-20G,150.00,Pre-owned,*Buy Now*,24-Aug 14:52,Free
radeon rx 580 8gb red dragon,111.00,Pre-owned,6 bids,24-Aug 13:52,4.10
SAPPHIRE Radeon RX 580 8gb NITRO Special Edition,175.00,Pre-owned,*Buy Now*,24-Aug 13:47,7.10
Genuine SAPPHIRE NITRO+ RADEON RX 580 4GB G5 GPU in Excellent Condition UK,118.00,Refurbished,*Buy Now*,24-Aug 13:24,5.99
SAPPHIRE 11265-01-20G Radeon RX 580 8GB GDDR5 Graphics Card,130.00,Pre-owned,*Buy Now*,24-Aug 12:55,6.00
MSI Apple Mac Pro AMD Radeon RX580 8GB PCI-E Video Card 7950 Catalina 680 K5000,272.94,New (other),*Buy Now*,24-Aug 12:06,65.64
MSI Radeon RX 580 ARMOR 8GB OC Graphics Card GPU ,110.00,Pre-owned,*Buy Now*,24-Aug 10:43,Free
Genuine SAPPHIRE NITRO+ RADEON RX 580 4GB G5 GPU in Excellent Condition UK,118.00,Refurbished,*Buy Now*,24-Aug 09:25,5.99
ASUS Dual OC RX 580 8GB Graphics Card 3,134.99,Pre-owned,*Buy Now*,23-Aug 21:07,5.00
SAPPHIRE Pulse AMD Radeon RX 580 4GB GDDR5 graphics card - excellent condition,95.00,Pre-owned,14 bids,23-Aug 20:59,Free
ASUS Dual OC RX 580 8GB Graphics Card,134.99,Pre-owned,*Buy Now*,23-Aug 20:46,5.00
PowerColor Radeon RX 580 RED Dragon V2 Graphic Card 8 GB,125.00,Pre-owned,*Buy Now*,23-Aug 20:31,Free
Sapphire AMD Radeon RX 580 GDDR5 8GB NITRO+ Graphics Card,74.00,Parts only,29 bids,23-Aug 19:05,8.00
PowerColor Red Devil Radeon RX 580 8GB GDDR5 Golden Sample,127.00,Pre-owned,16 bids,23-Aug 18:39,8.80
Sapphire Radeon Pulse RX 580 8gb GDDR5 11265-05-20G,125.00,Pre-owned,1 bid,23-Aug 13:45,4.10
MSI GAMING X RX 580 8GB Graphics Card 2,139.90,Pre-owned,*Buy Now*,23-Aug 13:23,5.00
"AMD APPLE Radeon RX 580 NITRO 8GB Mac Edition With Boot screen, for Mac Pro",359.95,Refurbished,*Buy Now*,23-Aug 13:14,Free
MSI Radeon RX 580 Gaming X Plus 8GB DDR5 Perfect Condition Tested and Working,134.00,Pre-owned,9 bids,23-Aug 11:52,5.00
SAPPHIRE 11265-01-20G Radeon RX 580 8GB GDDR5 Graphics Card,160.00,Refurbished,*Buy Now*,23-Aug 01:31,Free
Gigabyte Aorus AMD Radeon Rx 580 4GB GV-RX580AORUS-4GD,131.28,Pre-owned,*Buy Now*,23-Aug 01:22,54.70
