,title,price,condition,bids,sold date,postage
0,MSI GeForce GTX 1060 ARMOR 6G Graphics Card,115.0,Pre-owned,11 bids,09-Aug 15:11,4.10
1,MSI GF GTX 1060 ARMOR 6G OCV1 NVIDIA GeForce GTX 1060 6GB GDDR5 VR Graphics Card,160.0,Pre-owned,5 bids,05-Aug 17:03,4.50
4,Graphics card MSI GeForce GTX 1060 ARMOR 6GB OCV1,128.0,Pre-owned,20 bids,28-Jul 19:00,4.10
5,MSI GeForce GTX 1060 ARMOR 6G Graphics Card,132.0,Pre-owned,15 bids,27-Jul 10:19,4.10
7,Graphics card MSI GeForce GTX 1060 ARMOR 6GB OCV1,139.0,Pre-owned,23 bids,18-Jul 20:27,4.10
8,MSI Armor geforce gtx 1060 6gb OCV1,122.01,Pre-owned,9 bids,18-Jul 17:11,9.99
9,Graphics card MSI GeForce GTX 1060 ARMOR 6GB OCV1,137.0,Pre-owned,17 bids,11-Jul 18:48,4.10
10,MSI NVIDIA GTX 1060 ARMOR OC 6GB,149.87,Pre-owned,10 bids,05-Jul 18:07,3.95
11,MSI GeForce GTX 1060  6 GB ARMOR Graphics Card GPU ,135.0,Pre-owned,23 bids,05-Jul 13:44,Free
12,Graphics card MSI GeForce GTX 1060 ARMOR 6GB OCV1,139.0,Pre-owned,14 bids,04-Jul 18:11,4.10
14,Graphics card MSI GeForce GTX 1060 ARMOR 6GB OCV1,135.0,Pre-owned,17 bids,27-Jun 14:20,4.10
15,MSI GeForce GTX 1060 3gb Armor OCV1,98.8,Pre-owned,7 bids,26-Jun 21:32,3.70
16,Graphics card MSI GeForce GTX 1060 ARMOR 6GB OCV1,137.0,Pre-owned,11 bids,20-Jun 13:59,4.10
17,MSI GeForce GTX 1060 ARMOR 6GB GDDR5 OC Graphics Card,155.0,Pre-owned,*Buy Now*,18-Jun 20:25,5.00
18,MSI Gaming Armor GeForce GTX 1060 6GB GDDR5 GTX1060 Armor 6G OC Graphics Card,159.99,Pre-owned,*Buy Now*,18-Jun 11:40,Free
19,MSI NVIDIA GeForce GTX 1060 ARMOR 6GB OC Edition Graphics Card,155.0,Pre-owned,1 bid,17-Jun 19:30,4.00
20,MSI Nvidia Geforce GTX 1060 Armor 6GB,135.0,Pre-owned,7 bids,16-Jun 12:18,3.70
21,MSI ARMOR OC - NVIDIA GeForce GTX 1060 3GB GDDR5 Graphics Card GPU -GTX10603GTOC,105.0,Pre-owned,10 bids,15-Jun 21:20,Free
22,MSI GeForce GTX 1060 ARMOR 6GB OCV1 graphics card,133.0,Pre-owned,20 bids,14-Jun 18:54,4.97
23,MSI GeForce GTX 1060 ARMOR 6GB OCV1 graphics card,142.0,Pre-owned,14 bids,13-Jun 13:04,4.10
24,MSI NVIDIA GeForce GTX 1060 6GB ARMOR OC Graphics Card,144.0,Pre-owned,27 bids,11-Jun 19:54,8.00
25,MSI ARMOR OC - NVIDIA GeForce GTX 1060 3GB GDDR5 Graphics Card GPU -GTX10603GTOC,92.0,Pre-owned,4 bids,07-Jun 13:53,Free
27,MSI GeForce GTX 1060 3GB - Armor - Used ,91.7,Pre-owned,10 bids,02-Jun 06:32,5.90
28,Video card MSI Armor GTX 1060 3GB,107.0,Pre-owned,*Buy Now*,02-Jun 01:40,7.90
29,MSI NVIDIA GeForce GTX 1060 ARMOR 6GB OC Edition Graphics Card,127.0,Pre-owned,3 bids,31-May 11:58,Free
30,Video card GTX 1060 3GB MSI Armor,109.0,Pre-owned,*Buy Now*,30-May 14:01,6.90
31,Video card GTX 1060 3GB MSI Armor,119.0,Pre-owned,*Buy Now*,29-May 08:46,6.90
32,MSI NVIDIA GeForce GTX 1060 6GB ARMOR OC Graphics Card,159.99,Pre-owned,*Buy Now*,27-May 15:45,Free
33,MSI NVIDIA GeForce GTX 1060 Armor 3GB OC EDITION GDDR5 Graphics Card (V330-033),134.0,Refurbished,41 bids,16-May 20:01,5.00
0,New listingGraphics card MSI GeForce GTX 1060 ARMOR 6GB OCV1,120.0,Pre-owned,*Buy Now*,23-Aug 15:49,3.70
1,95mm MSI ARMOR GTX 1080TI 1080 1070 1060 Dual Fan PLD10010S12HH 4Pin 0.40A R189c,14.15,New (other),*Buy Now*,23-Aug 14:55,1.52
2,MSI NVIDIA GeForce GTX 1060 6 GB ARMOR 6G OC V1 GDDR5 Graphics Card - Black,169.0,Pre-owned,*Buy Now*,20-Aug 21:31,Free
3,MSI Armor OC GTX 1060 6GB Graphics Card,137.5,Pre-owned,*Buy Now*,19-Aug 19:48,5.00
4,2pcs/set for MSI GTX1080Ti/1080/1070Ti/1070/1060 RX580/570 ARMOR VGA COOLER fan,16.56,New (other),*Buy Now*,19-Aug 09:07,Free
5,MSI Armor OC GTX 1060 6GB Graphics Card,137.5,Pre-owned,*Buy Now*,17-Aug 23:25,5.00
6,MSI Armor OC GTX 1060 6GB Graphics Card,137.5,Pre-owned,*Buy Now*,17-Aug 12:20,5.00
7,MSI Armor OC GTX 1060 6GB Graphics Card 2,137.5,Pre-owned,*Buy Now*,17-Aug 10:46,5.00
8,MSI GeForce GTX 1060 ARMOR 6G Graphics Card,115.0,Pre-owned,11 bids,09-Aug 15:11,4.10
9,MSI GF GTX 1060 ARMOR 6G OCV1 NVIDIA GeForce GTX 1060 6GB GDDR5 VR Graphics Card,160.0,Pre-owned,5 bids,05-Aug 17:03,4.50
12,Graphics card MSI GeForce GTX 1060 ARMOR 6GB OCV1,128.0,Pre-owned,20 bids,28-Jul 19:00,4.10
13,MSI GeForce GTX 1060 ARMOR 6G Graphics Card,132.0,Pre-owned,15 bids,27-Jul 10:19,4.10
15,Graphics card MSI GeForce GTX 1060 ARMOR 6GB OCV1,139.0,Pre-owned,23 bids,18-Jul 20:27,4.10
16,MSI Armor geforce gtx 1060 6gb OCV1,122.01,Pre-owned,9 bids,18-Jul 17:11,9.99
17,Graphics card MSI GeForce GTX 1060 ARMOR 6GB OCV1,137.0,Pre-owned,17 bids,11-Jul 18:48,4.10
18,MSI NVIDIA GTX 1060 ARMOR OC 6GB,149.87,Pre-owned,10 bids,05-Jul 18:07,3.95
19,MSI GeForce GTX 1060  6 GB ARMOR Graphics Card GPU ,135.0,Pre-owned,23 bids,05-Jul 13:44,Free
20,Graphics card MSI GeForce GTX 1060 ARMOR 6GB OCV1,139.0,Pre-owned,14 bids,04-Jul 18:11,4.10
22,Graphics card MSI GeForce GTX 1060 ARMOR 6GB OCV1,135.0,Pre-owned,17 bids,27-Jun 14:20,4.10
23,MSI GeForce GTX 1060 3gb Armor OCV1,98.8,Pre-owned,7 bids,26-Jun 21:32,3.70
24,Graphics card MSI GeForce GTX 1060 ARMOR 6GB OCV1,137.0,Pre-owned,11 bids,20-Jun 13:59,4.10
25,2pcs/set for MSI GTX1080Ti/1080/1070Ti/1070/1060 RX580/570 ARMOR VGA COOLER fan,17.88,New (other),*Buy Now*,19-Jun 11:09,Free
26,MSI GeForce GTX 1060 ARMOR 6GB GDDR5 OC Graphics Card,155.0,Pre-owned,*Buy Now*,18-Jun 20:25,5.00
27,MSI Gaming Armor GeForce GTX 1060 6GB GDDR5 GTX1060 Armor 6G OC Graphics Card,159.99,Pre-owned,*Buy Now*,18-Jun 11:40,Free
28,MSI NVIDIA GeForce GTX 1060 ARMOR 6GB OC Edition Graphics Card,155.0,Pre-owned,1 bid,17-Jun 19:30,4.00
29,MSI Nvidia Geforce GTX 1060 Armor 6GB,135.0,Pre-owned,7 bids,16-Jun 12:18,3.70
30,MSI ARMOR OC - NVIDIA GeForce GTX 1060 3GB GDDR5 Graphics Card GPU -GTX10603GTOC,105.0,Pre-owned,10 bids,15-Jun 21:20,Free
31,MSI GeForce GTX 1060 ARMOR 6GB OCV1 graphics card,133.0,Pre-owned,20 bids,14-Jun 18:54,4.97
32,MSI GeForce GTX 1060 ARMOR 6GB OCV1 graphics card,142.0,Pre-owned,14 bids,13-Jun 13:04,4.10
33,MSI NVIDIA GeForce GTX 1060 6GB ARMOR OC Graphics Card,144.0,Pre-owned,27 bids,11-Jun 19:54,8.00
34,MSI ARMOR OC - NVIDIA GeForce GTX 1060 3GB GDDR5 Graphics Card GPU -GTX10603GTOC,92.0,Pre-owned,4 bids,07-Jun 13:53,Free
36,MSI GeForce GTX 1060 3GB - Armor - Used ,91.7,Pre-owned,10 bids,02-Jun 06:32,5.90
37,Video card MSI Armor GTX 1060 3GB,107.0,Pre-owned,*Buy Now*,02-Jun 01:40,7.90
38,MSI NVIDIA GeForce GTX 1060 ARMOR 6GB OC Edition Graphics Card,127.0,Pre-owned,3 bids,31-May 11:58,Free
39,Video card GTX 1060 3GB MSI Armor,109.0,Pre-owned,*Buy Now*,30-May 14:01,6.90
40,Video card GTX 1060 3GB MSI Armor,119.0,Pre-owned,*Buy Now*,29-May 08:46,6.90
41,MSI NVIDIA GeForce GTX 1060 6GB ARMOR OC Graphics Card,159.99,Pre-owned,*Buy Now*,27-May 15:45,Free
42,New listingGraphics card MSI GeForce GTX 1060 ARMOR 6GB OCV1,120.0,Pre-owned,*Buy Now*,23-Aug 15:49,3.70
43,MSI NVIDIA GeForce GTX 1060 6 GB ARMOR 6G OC V1 GDDR5 Graphics Card - Black,169.0,Pre-owned,*Buy Now*,20-Aug 21:31,Free
44,MSI Armor OC GTX 1060 6GB Graphics Card,137.5,Pre-owned,*Buy Now*,19-Aug 19:48,5.00
45,MSI Armor OC GTX 1060 6GB Graphics Card,137.5,Pre-owned,*Buy Now*,17-Aug 23:25,5.00
46,MSI Armor OC GTX 1060 6GB Graphics Card,137.5,Pre-owned,*Buy Now*,17-Aug 12:20,5.00
47,MSI Armor OC GTX 1060 6GB Graphics Card 2,137.5,Pre-owned,*Buy Now*,17-Aug 10:46,5.00
48,MSI GeForce GTX 1060 ARMOR 6G Graphics Card,115.0,Pre-owned,11 bids,09-Aug 15:11,4.10
49,MSI GF GTX 1060 ARMOR 6G OCV1 NVIDIA GeForce GTX 1060 6GB GDDR5 VR Graphics Card,160.0,Pre-owned,5 bids,05-Aug 17:03,4.50
52,Graphics card MSI GeForce GTX 1060 ARMOR 6GB OCV1,128.0,Pre-owned,20 bids,28-Jul 19:00,4.10
53,MSI GeForce GTX 1060 ARMOR 6G Graphics Card,132.0,Pre-owned,15 bids,27-Jul 10:19,4.10
55,Graphics card MSI GeForce GTX 1060 ARMOR 6GB OCV1,139.0,Pre-owned,23 bids,18-Jul 20:27,4.10
56,MSI Armor geforce gtx 1060 6gb OCV1,122.01,Pre-owned,9 bids,18-Jul 17:11,9.99
57,Graphics card MSI GeForce GTX 1060 ARMOR 6GB OCV1,137.0,Pre-owned,17 bids,11-Jul 18:48,4.10
58,MSI NVIDIA GTX 1060 ARMOR OC 6GB,149.87,Pre-owned,10 bids,05-Jul 18:07,3.95
59,MSI GeForce GTX 1060  6 GB ARMOR Graphics Card GPU ,135.0,Pre-owned,23 bids,05-Jul 13:44,Free
60,Graphics card MSI GeForce GTX 1060 ARMOR 6GB OCV1,139.0,Pre-owned,14 bids,04-Jul 18:11,4.10
62,Graphics card MSI GeForce GTX 1060 ARMOR 6GB OCV1,135.0,Pre-owned,17 bids,27-Jun 14:20,4.10
63,MSI GeForce GTX 1060 3gb Armor OCV1,98.8,Pre-owned,7 bids,26-Jun 21:32,3.70
64,Graphics card MSI GeForce GTX 1060 ARMOR 6GB OCV1,137.0,Pre-owned,11 bids,20-Jun 13:59,4.10
65,MSI GeForce GTX 1060 ARMOR 6GB GDDR5 OC Graphics Card,155.0,Pre-owned,*Buy Now*,18-Jun 20:25,5.00
66,MSI Gaming Armor GeForce GTX 1060 6GB GDDR5 GTX1060 Armor 6G OC Graphics Card,159.99,Pre-owned,*Buy Now*,18-Jun 11:40,Free
67,MSI NVIDIA GeForce GTX 1060 ARMOR 6GB OC Edition Graphics Card,155.0,Pre-owned,1 bid,17-Jun 19:30,4.00
68,MSI Nvidia Geforce GTX 1060 Armor 6GB,135.0,Pre-owned,7 bids,16-Jun 12:18,3.70
69,MSI ARMOR OC - NVIDIA GeForce GTX 1060 3GB GDDR5 Graphics Card GPU -GTX10603GTOC,105.0,Pre-owned,10 bids,15-Jun 21:20,Free
70,MSI GeForce GTX 1060 ARMOR 6GB OCV1 graphics card,133.0,Pre-owned,20 bids,14-Jun 18:54,4.97
71,MSI GeForce GTX 1060 ARMOR 6GB OCV1 graphics card,142.0,Pre-owned,14 bids,13-Jun 13:04,4.10
72,MSI NVIDIA GeForce GTX 1060 6GB ARMOR OC Graphics Card,144.0,Pre-owned,27 bids,11-Jun 19:54,8.00
73,MSI ARMOR OC - NVIDIA GeForce GTX 1060 3GB GDDR5 Graphics Card GPU -GTX10603GTOC,92.0,Pre-owned,4 bids,07-Jun 13:53,Free
75,MSI GeForce GTX 1060 3GB - Armor - Used ,91.7,Pre-owned,10 bids,02-Jun 06:32,5.90
76,Video card MSI Armor GTX 1060 3GB,107.0,Pre-owned,*Buy Now*,02-Jun 01:40,7.90
77,MSI NVIDIA GeForce GTX 1060 ARMOR 6GB OC Edition Graphics Card,127.0,Pre-owned,3 bids,31-May 11:58,Free
78,Video card GTX 1060 3GB MSI Armor,109.0,Pre-owned,*Buy Now*,30-May 14:01,6.90
79,Video card GTX 1060 3GB MSI Armor,119.0,Pre-owned,*Buy Now*,29-May 08:46,6.90
80,MSI NVIDIA GeForce GTX 1060 6GB ARMOR OC Graphics Card,159.99,Pre-owned,*Buy Now*,27-May 15:45,Free
0,Graphics card MSI GeForce GTX 1060 ARMOR 6GB OCV1,123.88,Pre-owned,17 bids,26-Aug 19:00,4.10
1,MSI Armor OC GTX 1060 6GB Graphics Card 2,144.5,Pre-owned,*Buy Now*,25-Aug 11:45,5.00
2,MSI Armor OC GTX 1060 6GB Graphics Card,144.5,Pre-owned,*Buy Now*,24-Aug 12:47,5.00
3,Graphics card MSI GeForce GTX 1060 ARMOR 6GB OCV1,120.0,Pre-owned,*Buy Now*,23-Aug 15:49,3.70
4,MSI NVIDIA GeForce GTX 1060 6 GB ARMOR 6G OC V1 GDDR5 Graphics Card - Black,169.0,Pre-owned,*Buy Now*,20-Aug 21:31,Free
5,MSI Armor OC GTX 1060 6GB Graphics Card,137.5,Pre-owned,*Buy Now*,19-Aug 19:48,5.00
6,MSI Armor OC GTX 1060 6GB Graphics Card,137.5,Pre-owned,*Buy Now*,17-Aug 23:25,5.00
7,MSI Armor OC GTX 1060 6GB Graphics Card,137.5,Pre-owned,*Buy Now*,17-Aug 12:20,5.00
8,MSI Armor OC GTX 1060 6GB Graphics Card 2,137.5,Pre-owned,*Buy Now*,17-Aug 10:46,5.00
9,MSI GeForce GTX 1060 ARMOR 6G Graphics Card,115.0,Pre-owned,11 bids,09-Aug 15:11,4.10
10,MSI GF GTX 1060 ARMOR 6G OCV1 NVIDIA GeForce GTX 1060 6GB GDDR5 VR Graphics Card,160.0,Pre-owned,5 bids,05-Aug 17:03,4.50
13,Graphics card MSI GeForce GTX 1060 ARMOR 6GB OCV1,128.0,Pre-owned,20 bids,28-Jul 19:00,4.10
14,MSI GeForce GTX 1060 ARMOR 6G Graphics Card,132.0,Pre-owned,15 bids,27-Jul 10:19,4.10
16,Graphics card MSI GeForce GTX 1060 ARMOR 6GB OCV1,139.0,Pre-owned,23 bids,18-Jul 20:27,4.10
17,MSI Armor geforce gtx 1060 6gb OCV1,122.01,Pre-owned,9 bids,18-Jul 17:11,9.99
18,Graphics card MSI GeForce GTX 1060 ARMOR 6GB OCV1,137.0,Pre-owned,17 bids,11-Jul 18:48,4.10
19,MSI NVIDIA GTX 1060 ARMOR OC 6GB,149.87,Pre-owned,10 bids,05-Jul 18:07,3.95
20,MSI GeForce GTX 1060  6 GB ARMOR Graphics Card GPU ,135.0,Pre-owned,23 bids,05-Jul 13:44,Free
21,Graphics card MSI GeForce GTX 1060 ARMOR 6GB OCV1,139.0,Pre-owned,14 bids,04-Jul 18:11,4.10
23,Graphics card MSI GeForce GTX 1060 ARMOR 6GB OCV1,135.0,Pre-owned,17 bids,27-Jun 14:20,4.10
24,MSI GeForce GTX 1060 3gb Armor OCV1,98.8,Pre-owned,7 bids,26-Jun 21:32,3.70
25,Graphics card MSI GeForce GTX 1060 ARMOR 6GB OCV1,137.0,Pre-owned,11 bids,20-Jun 13:59,4.10
26,MSI GeForce GTX 1060 ARMOR 6GB GDDR5 OC Graphics Card,155.0,Pre-owned,*Buy Now*,18-Jun 20:25,5.00
27,MSI Gaming Armor GeForce GTX 1060 6GB GDDR5 GTX1060 Armor 6G OC Graphics Card,159.99,Pre-owned,*Buy Now*,18-Jun 11:40,Free
28,MSI NVIDIA GeForce GTX 1060 ARMOR 6GB OC Edition Graphics Card,155.0,Pre-owned,1 bid,17-Jun 19:30,4.00
29,MSI Nvidia Geforce GTX 1060 Armor 6GB,135.0,Pre-owned,7 bids,16-Jun 12:18,3.70
30,MSI ARMOR OC - NVIDIA GeForce GTX 1060 3GB GDDR5 Graphics Card GPU -GTX10603GTOC,105.0,Pre-owned,10 bids,15-Jun 21:20,Free
31,MSI GeForce GTX 1060 ARMOR 6GB OCV1 graphics card,133.0,Pre-owned,20 bids,14-Jun 18:54,4.97
32,MSI GeForce GTX 1060 ARMOR 6GB OCV1 graphics card,142.0,Pre-owned,14 bids,13-Jun 13:04,4.10
33,MSI NVIDIA GeForce GTX 1060 6GB ARMOR OC Graphics Card,144.0,Pre-owned,27 bids,11-Jun 19:54,8.00
34,MSI ARMOR OC - NVIDIA GeForce GTX 1060 3GB GDDR5 Graphics Card GPU -GTX10603GTOC,92.0,Pre-owned,4 bids,07-Jun 13:53,Free
36,MSI GeForce GTX 1060 3GB - Armor - Used ,91.7,Pre-owned,10 bids,02-Jun 06:32,5.90
37,Video card MSI Armor GTX 1060 3GB,107.0,Pre-owned,*Buy Now*,02-Jun 01:40,7.90
38,MSI NVIDIA GeForce GTX 1060 ARMOR 6GB OC Edition Graphics Card,127.0,Pre-owned,3 bids,31-May 11:58,Free
39,Video card GTX 1060 3GB MSI Armor,109.0,Pre-owned,*Buy Now*,30-May 14:01,6.90
40,Video card GTX 1060 3GB MSI Armor,119.0,Pre-owned,*Buy Now*,29-May 08:46,6.90
41,Graphics card MSI GeForce GTX 1060 ARMOR 6GB OCV1,123.88,Pre-owned,17 bids,26-Aug 19:00,4.10
42,MSI Armor OC GTX 1060 6GB Graphics Card 2,144.5,Pre-owned,*Buy Now*,25-Aug 11:45,5.00
43,MSI Armor OC GTX 1060 6GB Graphics Card,144.5,Pre-owned,*Buy Now*,24-Aug 12:47,5.00
44,Graphics card MSI GeForce GTX 1060 ARMOR 6GB OCV1,120.0,Pre-owned,*Buy Now*,23-Aug 15:49,3.70
45,MSI NVIDIA GeForce GTX 1060 6 GB ARMOR 6G OC V1 GDDR5 Graphics Card - Black,169.0,Pre-owned,*Buy Now*,20-Aug 21:31,Free
46,MSI Armor OC GTX 1060 6GB Graphics Card,137.5,Pre-owned,*Buy Now*,19-Aug 19:48,5.00
47,MSI Armor OC GTX 1060 6GB Graphics Card,137.5,Pre-owned,*Buy Now*,17-Aug 23:25,5.00
48,MSI Armor OC GTX 1060 6GB Graphics Card,137.5,Pre-owned,*Buy Now*,17-Aug 12:20,5.00
49,MSI Armor OC GTX 1060 6GB Graphics Card 2,137.5,Pre-owned,*Buy Now*,17-Aug 10:46,5.00
50,MSI GeForce GTX 1060 ARMOR 6G Graphics Card,115.0,Pre-owned,11 bids,09-Aug 15:11,4.10
51,MSI GF GTX 1060 ARMOR 6G OCV1 NVIDIA GeForce GTX 1060 6GB GDDR5 VR Graphics Card,160.0,Pre-owned,5 bids,05-Aug 17:03,4.50
54,Graphics card MSI GeForce GTX 1060 ARMOR 6GB OCV1,128.0,Pre-owned,20 bids,28-Jul 19:00,4.10
55,MSI GeForce GTX 1060 ARMOR 6G Graphics Card,132.0,Pre-owned,15 bids,27-Jul 10:19,4.10
57,Graphics card MSI GeForce GTX 1060 ARMOR 6GB OCV1,139.0,Pre-owned,23 bids,18-Jul 20:27,4.10
58,MSI Armor geforce gtx 1060 6gb OCV1,122.01,Pre-owned,9 bids,18-Jul 17:11,9.99
59,Graphics card MSI GeForce GTX 1060 ARMOR 6GB OCV1,137.0,Pre-owned,17 bids,11-Jul 18:48,4.10
60,MSI NVIDIA GTX 1060 ARMOR OC 6GB,149.87,Pre-owned,10 bids,05-Jul 18:07,3.95
61,MSI GeForce GTX 1060  6 GB ARMOR Graphics Card GPU ,135.0,Pre-owned,23 bids,05-Jul 13:44,Free
62,Graphics card MSI GeForce GTX 1060 ARMOR 6GB OCV1,139.0,Pre-owned,14 bids,04-Jul 18:11,4.10
64,Graphics card MSI GeForce GTX 1060 ARMOR 6GB OCV1,135.0,Pre-owned,17 bids,27-Jun 14:20,4.10
65,MSI GeForce GTX 1060 3gb Armor OCV1,98.8,Pre-owned,7 bids,26-Jun 21:32,3.70
66,Graphics card MSI GeForce GTX 1060 ARMOR 6GB OCV1,137.0,Pre-owned,11 bids,20-Jun 13:59,4.10
67,MSI GeForce GTX 1060 ARMOR 6GB GDDR5 OC Graphics Card,155.0,Pre-owned,*Buy Now*,18-Jun 20:25,5.00
68,MSI Gaming Armor GeForce GTX 1060 6GB GDDR5 GTX1060 Armor 6G OC Graphics Card,159.99,Pre-owned,*Buy Now*,18-Jun 11:40,Free
69,MSI NVIDIA GeForce GTX 1060 ARMOR 6GB OC Edition Graphics Card,155.0,Pre-owned,1 bid,17-Jun 19:30,4.00
70,MSI Nvidia Geforce GTX 1060 Armor 6GB,135.0,Pre-owned,7 bids,16-Jun 12:18,3.70
71,MSI ARMOR OC - NVIDIA GeForce GTX 1060 3GB GDDR5 Graphics Card GPU -GTX10603GTOC,105.0,Pre-owned,10 bids,15-Jun 21:20,Free
72,MSI GeForce GTX 1060 ARMOR 6GB OCV1 graphics card,133.0,Pre-owned,20 bids,14-Jun 18:54,4.97
73,MSI GeForce GTX 1060 ARMOR 6GB OCV1 graphics card,142.0,Pre-owned,14 bids,13-Jun 13:04,4.10
74,MSI NVIDIA GeForce GTX 1060 6GB ARMOR OC Graphics Card,144.0,Pre-owned,27 bids,11-Jun 19:54,8.00
75,MSI ARMOR OC - NVIDIA GeForce GTX 1060 3GB GDDR5 Graphics Card GPU -GTX10603GTOC,92.0,Pre-owned,4 bids,07-Jun 13:53,Free
77,MSI GeForce GTX 1060 3GB - Armor - Used ,91.7,Pre-owned,10 bids,02-Jun 06:32,5.90
78,Video card MSI Armor GTX 1060 3GB,107.0,Pre-owned,*Buy Now*,02-Jun 01:40,7.90
79,MSI NVIDIA GeForce GTX 1060 ARMOR 6GB OC Edition Graphics Card,127.0,Pre-owned,3 bids,31-May 11:58,Free
80,Video card GTX 1060 3GB MSI Armor,109.0,Pre-owned,*Buy Now*,30-May 14:01,6.90
81,Video card GTX 1060 3GB MSI Armor,119.0,Pre-owned,*Buy Now*,29-May 08:46,6.90
82,Graphics card MSI GeForce GTX 1060 ARMOR 6GB OCV1,123.88,Pre-owned,17 bids,26-Aug 19:00,4.10
83,MSI Armor OC GTX 1060 6GB Graphics Card 2,144.5,Pre-owned,*Buy Now*,25-Aug 11:45,5.00
84,MSI Armor OC GTX 1060 6GB Graphics Card,144.5,Pre-owned,*Buy Now*,24-Aug 12:47,5.00
85,Graphics card MSI GeForce GTX 1060 ARMOR 6GB OCV1,120.0,Pre-owned,*Buy Now*,23-Aug 15:49,3.70
86,MSI NVIDIA GeForce GTX 1060 6 GB ARMOR 6G OC V1 GDDR5 Graphics Card - Black,169.0,Pre-owned,*Buy Now*,20-Aug 21:31,Free
87,MSI Armor OC GTX 1060 6GB Graphics Card,137.5,Pre-owned,*Buy Now*,19-Aug 19:48,5.00
88,MSI Armor OC GTX 1060 6GB Graphics Card,137.5,Pre-owned,*Buy Now*,17-Aug 23:25,5.00
89,MSI Armor OC GTX 1060 6GB Graphics Card,137.5,Pre-owned,*Buy Now*,17-Aug 12:20,5.00
90,MSI Armor OC GTX 1060 6GB Graphics Card 2,137.5,Pre-owned,*Buy Now*,17-Aug 10:46,5.00
91,MSI GeForce GTX 1060 ARMOR 6G Graphics Card,115.0,Pre-owned,11 bids,09-Aug 15:11,4.10
92,MSI GF GTX 1060 ARMOR 6G OCV1 NVIDIA GeForce GTX 1060 6GB GDDR5 VR Graphics Card,160.0,Pre-owned,5 bids,05-Aug 17:03,4.50
95,Graphics card MSI GeForce GTX 1060 ARMOR 6GB OCV1,128.0,Pre-owned,20 bids,28-Jul 19:00,4.10
96,MSI GeForce GTX 1060 ARMOR 6G Graphics Card,132.0,Pre-owned,15 bids,27-Jul 10:19,4.10
98,Graphics card MSI GeForce GTX 1060 ARMOR 6GB OCV1,139.0,Pre-owned,23 bids,18-Jul 20:27,4.10
99,MSI Armor geforce gtx 1060 6gb OCV1,122.01,Pre-owned,9 bids,18-Jul 17:11,9.99
100,Graphics card MSI GeForce GTX 1060 ARMOR 6GB OCV1,137.0,Pre-owned,17 bids,11-Jul 18:48,4.10
101,MSI NVIDIA GTX 1060 ARMOR OC 6GB,149.87,Pre-owned,10 bids,05-Jul 18:07,3.95
102,MSI GeForce GTX 1060  6 GB ARMOR Graphics Card GPU ,135.0,Pre-owned,23 bids,05-Jul 13:44,Free
103,Graphics card MSI GeForce GTX 1060 ARMOR 6GB OCV1,139.0,Pre-owned,14 bids,04-Jul 18:11,4.10
105,Graphics card MSI GeForce GTX 1060 ARMOR 6GB OCV1,135.0,Pre-owned,17 bids,27-Jun 14:20,4.10
106,MSI GeForce GTX 1060 3gb Armor OCV1,98.8,Pre-owned,7 bids,26-Jun 21:32,3.70
107,Graphics card MSI GeForce GTX 1060 ARMOR 6GB OCV1,137.0,Pre-owned,11 bids,20-Jun 13:59,4.10
108,MSI GeForce GTX 1060 ARMOR 6GB GDDR5 OC Graphics Card,155.0,Pre-owned,*Buy Now*,18-Jun 20:25,5.00
109,MSI Gaming Armor GeForce GTX 1060 6GB GDDR5 GTX1060 Armor 6G OC Graphics Card,159.99,Pre-owned,*Buy Now*,18-Jun 11:40,Free
110,MSI NVIDIA GeForce GTX 1060 ARMOR 6GB OC Edition Graphics Card,155.0,Pre-owned,1 bid,17-Jun 19:30,4.00
111,MSI Nvidia Geforce GTX 1060 Armor 6GB,135.0,Pre-owned,7 bids,16-Jun 12:18,3.70
112,MSI ARMOR OC - NVIDIA GeForce GTX 1060 3GB GDDR5 Graphics Card GPU -GTX10603GTOC,105.0,Pre-owned,10 bids,15-Jun 21:20,Free
113,MSI GeForce GTX 1060 ARMOR 6GB OCV1 graphics card,133.0,Pre-owned,20 bids,14-Jun 18:54,4.97
114,MSI GeForce GTX 1060 ARMOR 6GB OCV1 graphics card,142.0,Pre-owned,14 bids,13-Jun 13:04,4.10
115,MSI NVIDIA GeForce GTX 1060 6GB ARMOR OC Graphics Card,144.0,Pre-owned,27 bids,11-Jun 19:54,8.00
116,MSI ARMOR OC - NVIDIA GeForce GTX 1060 3GB GDDR5 Graphics Card GPU -GTX10603GTOC,92.0,Pre-owned,4 bids,07-Jun 13:53,Free
118,MSI GeForce GTX 1060 3GB - Armor - Used ,91.7,Pre-owned,10 bids,02-Jun 06:32,5.90
119,Video card MSI Armor GTX 1060 3GB,107.0,Pre-owned,*Buy Now*,02-Jun 01:40,7.90
120,MSI NVIDIA GeForce GTX 1060 ARMOR 6GB OC Edition Graphics Card,127.0,Pre-owned,3 bids,31-May 11:58,Free
121,Video card GTX 1060 3GB MSI Armor,109.0,Pre-owned,*Buy Now*,30-May 14:01,6.90
122,Video card GTX 1060 3GB MSI Armor,119.0,Pre-owned,*Buy Now*,29-May 08:46,6.90
123,Graphics card MSI GeForce GTX 1060 ARMOR 6GB OCV1,123.88,Pre-owned,17 bids,26-Aug 19:00,4.10
124,MSI Armor OC GTX 1060 6GB Graphics Card 2,144.5,Pre-owned,*Buy Now*,25-Aug 11:45,5.00
125,MSI Armor OC GTX 1060 6GB Graphics Card,144.5,Pre-owned,*Buy Now*,24-Aug 12:47,5.00
126,Graphics card MSI GeForce GTX 1060 ARMOR 6GB OCV1,120.0,Pre-owned,*Buy Now*,23-Aug 15:49,3.70
127,MSI NVIDIA GeForce GTX 1060 6 GB ARMOR 6G OC V1 GDDR5 Graphics Card - Black,169.0,Pre-owned,*Buy Now*,20-Aug 21:31,Free
128,MSI Armor OC GTX 1060 6GB Graphics Card,137.5,Pre-owned,*Buy Now*,19-Aug 19:48,5.00
129,MSI Armor OC GTX 1060 6GB Graphics Card,137.5,Pre-owned,*Buy Now*,17-Aug 23:25,5.00
130,MSI Armor OC GTX 1060 6GB Graphics Card,137.5,Pre-owned,*Buy Now*,17-Aug 12:20,5.00
131,MSI Armor OC GTX 1060 6GB Graphics Card 2,137.5,Pre-owned,*Buy Now*,17-Aug 10:46,5.00
132,MSI GeForce GTX 1060 ARMOR 6G Graphics Card,115.0,Pre-owned,11 bids,09-Aug 15:11,4.10
133,MSI GF GTX 1060 ARMOR 6G OCV1 NVIDIA GeForce GTX 1060 6GB GDDR5 VR Graphics Card,160.0,Pre-owned,5 bids,05-Aug 17:03,4.50
136,Graphics card MSI GeForce GTX 1060 ARMOR 6GB OCV1,128.0,Pre-owned,20 bids,28-Jul 19:00,4.10
137,MSI GeForce GTX 1060 ARMOR 6G Graphics Card,132.0,Pre-owned,15 bids,27-Jul 10:19,4.10
139,Graphics card MSI GeForce GTX 1060 ARMOR 6GB OCV1,139.0,Pre-owned,23 bids,18-Jul 20:27,4.10
140,MSI Armor geforce gtx 1060 6gb OCV1,122.01,Pre-owned,9 bids,18-Jul 17:11,9.99
141,Graphics card MSI GeForce GTX 1060 ARMOR 6GB OCV1,137.0,Pre-owned,17 bids,11-Jul 18:48,4.10
142,MSI NVIDIA GTX 1060 ARMOR OC 6GB,149.87,Pre-owned,10 bids,05-Jul 18:07,3.95
143,MSI GeForce GTX 1060  6 GB ARMOR Graphics Card GPU ,135.0,Pre-owned,23 bids,05-Jul 13:44,Free
144,Graphics card MSI GeForce GTX 1060 ARMOR 6GB OCV1,139.0,Pre-owned,14 bids,04-Jul 18:11,4.10
146,Graphics card MSI GeForce GTX 1060 ARMOR 6GB OCV1,135.0,Pre-owned,17 bids,27-Jun 14:20,4.10
147,MSI GeForce GTX 1060 3gb Armor OCV1,98.8,Pre-owned,7 bids,26-Jun 21:32,3.70
148,Graphics card MSI GeForce GTX 1060 ARMOR 6GB OCV1,137.0,Pre-owned,11 bids,20-Jun 13:59,4.10
149,MSI GeForce GTX 1060 ARMOR 6GB GDDR5 OC Graphics Card,155.0,Pre-owned,*Buy Now*,18-Jun 20:25,5.00
150,MSI Gaming Armor GeForce GTX 1060 6GB GDDR5 GTX1060 Armor 6G OC Graphics Card,159.99,Pre-owned,*Buy Now*,18-Jun 11:40,Free
151,MSI NVIDIA GeForce GTX 1060 ARMOR 6GB OC Edition Graphics Card,155.0,Pre-owned,1 bid,17-Jun 19:30,4.00
152,MSI Nvidia Geforce GTX 1060 Armor 6GB,135.0,Pre-owned,7 bids,16-Jun 12:18,3.70
153,MSI ARMOR OC - NVIDIA GeForce GTX 1060 3GB GDDR5 Graphics Card GPU -GTX10603GTOC,105.0,Pre-owned,10 bids,15-Jun 21:20,Free
154,MSI GeForce GTX 1060 ARMOR 6GB OCV1 graphics card,133.0,Pre-owned,20 bids,14-Jun 18:54,4.97
155,MSI GeForce GTX 1060 ARMOR 6GB OCV1 graphics card,142.0,Pre-owned,14 bids,13-Jun 13:04,4.10
156,MSI NVIDIA GeForce GTX 1060 6GB ARMOR OC Graphics Card,144.0,Pre-owned,27 bids,11-Jun 19:54,8.00
157,MSI ARMOR OC - NVIDIA GeForce GTX 1060 3GB GDDR5 Graphics Card GPU -GTX10603GTOC,92.0,Pre-owned,4 bids,07-Jun 13:53,Free
159,MSI GeForce GTX 1060 3GB - Armor - Used ,91.7,Pre-owned,10 bids,02-Jun 06:32,5.90
160,Video card MSI Armor GTX 1060 3GB,107.0,Pre-owned,*Buy Now*,02-Jun 01:40,7.90
161,MSI NVIDIA GeForce GTX 1060 ARMOR 6GB OC Edition Graphics Card,127.0,Pre-owned,3 bids,31-May 11:58,Free
162,Video card GTX 1060 3GB MSI Armor,109.0,Pre-owned,*Buy Now*,30-May 14:01,6.90
163,Video card GTX 1060 3GB MSI Armor,119.0,Pre-owned,*Buy Now*,29-May 08:46,6.90
164,Graphics card MSI GeForce GTX 1060 ARMOR 6GB OCV1,123.88,Pre-owned,17 bids,26-Aug 19:00,4.10
165,MSI Armor OC GTX 1060 6GB Graphics Card 2,144.5,Pre-owned,*Buy Now*,25-Aug 11:45,5.00
166,MSI Armor OC GTX 1060 6GB Graphics Card,144.5,Pre-owned,*Buy Now*,24-Aug 12:47,5.00
167,Graphics card MSI GeForce GTX 1060 ARMOR 6GB OCV1,120.0,Pre-owned,*Buy Now*,23-Aug 15:49,3.70
168,MSI NVIDIA GeForce GTX 1060 6 GB ARMOR 6G OC V1 GDDR5 Graphics Card - Black,169.0,Pre-owned,*Buy Now*,20-Aug 21:31,Free
169,MSI Armor OC GTX 1060 6GB Graphics Card,137.5,Pre-owned,*Buy Now*,19-Aug 19:48,5.00
170,MSI Armor OC GTX 1060 6GB Graphics Card,137.5,Pre-owned,*Buy Now*,17-Aug 23:25,5.00
171,MSI Armor OC GTX 1060 6GB Graphics Card,137.5,Pre-owned,*Buy Now*,17-Aug 12:20,5.00
172,MSI Armor OC GTX 1060 6GB Graphics Card 2,137.5,Pre-owned,*Buy Now*,17-Aug 10:46,5.00
173,MSI GeForce GTX 1060 ARMOR 6G Graphics Card,115.0,Pre-owned,11 bids,09-Aug 15:11,4.10
174,MSI GF GTX 1060 ARMOR 6G OCV1 NVIDIA GeForce GTX 1060 6GB GDDR5 VR Graphics Card,160.0,Pre-owned,5 bids,05-Aug 17:03,4.50
177,Graphics card MSI GeForce GTX 1060 ARMOR 6GB OCV1,128.0,Pre-owned,20 bids,28-Jul 19:00,4.10
178,MSI GeForce GTX 1060 ARMOR 6G Graphics Card,132.0,Pre-owned,15 bids,27-Jul 10:19,4.10
180,Graphics card MSI GeForce GTX 1060 ARMOR 6GB OCV1,139.0,Pre-owned,23 bids,18-Jul 20:27,4.10
181,MSI Armor geforce gtx 1060 6gb OCV1,122.01,Pre-owned,9 bids,18-Jul 17:11,9.99
182,Graphics card MSI GeForce GTX 1060 ARMOR 6GB OCV1,137.0,Pre-owned,17 bids,11-Jul 18:48,4.10
183,MSI NVIDIA GTX 1060 ARMOR OC 6GB,149.87,Pre-owned,10 bids,05-Jul 18:07,3.95
184,MSI GeForce GTX 1060  6 GB ARMOR Graphics Card GPU ,135.0,Pre-owned,23 bids,05-Jul 13:44,Free
185,Graphics card MSI GeForce GTX 1060 ARMOR 6GB OCV1,139.0,Pre-owned,14 bids,04-Jul 18:11,4.10
187,Graphics card MSI GeForce GTX 1060 ARMOR 6GB OCV1,135.0,Pre-owned,17 bids,27-Jun 14:20,4.10
188,MSI GeForce GTX 1060 3gb Armor OCV1,98.8,Pre-owned,7 bids,26-Jun 21:32,3.70
189,Graphics card MSI GeForce GTX 1060 ARMOR 6GB OCV1,137.0,Pre-owned,11 bids,20-Jun 13:59,4.10
190,MSI GeForce GTX 1060 ARMOR 6GB GDDR5 OC Graphics Card,155.0,Pre-owned,*Buy Now*,18-Jun 20:25,5.00
191,MSI Gaming Armor GeForce GTX 1060 6GB GDDR5 GTX1060 Armor 6G OC Graphics Card,159.99,Pre-owned,*Buy Now*,18-Jun 11:40,Free
192,MSI NVIDIA GeForce GTX 1060 ARMOR 6GB OC Edition Graphics Card,155.0,Pre-owned,1 bid,17-Jun 19:30,4.00
193,MSI Nvidia Geforce GTX 1060 Armor 6GB,135.0,Pre-owned,7 bids,16-Jun 12:18,3.70
194,MSI ARMOR OC - NVIDIA GeForce GTX 1060 3GB GDDR5 Graphics Card GPU -GTX10603GTOC,105.0,Pre-owned,10 bids,15-Jun 21:20,Free
195,MSI GeForce GTX 1060 ARMOR 6GB OCV1 graphics card,133.0,Pre-owned,20 bids,14-Jun 18:54,4.97
196,MSI GeForce GTX 1060 ARMOR 6GB OCV1 graphics card,142.0,Pre-owned,14 bids,13-Jun 13:04,4.10
197,MSI NVIDIA GeForce GTX 1060 6GB ARMOR OC Graphics Card,144.0,Pre-owned,27 bids,11-Jun 19:54,8.00
198,MSI ARMOR OC - NVIDIA GeForce GTX 1060 3GB GDDR5 Graphics Card GPU -GTX10603GTOC,92.0,Pre-owned,4 bids,07-Jun 13:53,Free
200,MSI GeForce GTX 1060 3GB - Armor - Used ,91.7,Pre-owned,10 bids,02-Jun 06:32,5.90
201,Video card MSI Armor GTX 1060 3GB,107.0,Pre-owned,*Buy Now*,02-Jun 01:40,7.90
202,MSI NVIDIA GeForce GTX 1060 ARMOR 6GB OC Edition Graphics Card,127.0,Pre-owned,3 bids,31-May 11:58,Free
203,Video card GTX 1060 3GB MSI Armor,109.0,Pre-owned,*Buy Now*,30-May 14:01,6.90
204,Video card GTX 1060 3GB MSI Armor,119.0,Pre-owned,*Buy Now*,29-May 08:46,6.90
205,Graphics card MSI GeForce GTX 1060 ARMOR 6GB OCV1,123.88,Pre-owned,17 bids,26-Aug 19:00,4.10
206,MSI Armor OC GTX 1060 6GB Graphics Card 2,144.5,Pre-owned,*Buy Now*,25-Aug 11:45,5.00
207,MSI Armor OC GTX 1060 6GB Graphics Card,144.5,Pre-owned,*Buy Now*,24-Aug 12:47,5.00
208,Graphics card MSI GeForce GTX 1060 ARMOR 6GB OCV1,120.0,Pre-owned,*Buy Now*,23-Aug 15:49,3.70
209,MSI NVIDIA GeForce GTX 1060 6 GB ARMOR 6G OC V1 GDDR5 Graphics Card - Black,169.0,Pre-owned,*Buy Now*,20-Aug 21:31,Free
210,MSI Armor OC GTX 1060 6GB Graphics Card,137.5,Pre-owned,*Buy Now*,19-Aug 19:48,5.00
211,MSI Armor OC GTX 1060 6GB Graphics Card,137.5,Pre-owned,*Buy Now*,17-Aug 23:25,5.00
212,MSI Armor OC GTX 1060 6GB Graphics Card,137.5,Pre-owned,*Buy Now*,17-Aug 12:20,5.00
213,MSI Armor OC GTX 1060 6GB Graphics Card 2,137.5,Pre-owned,*Buy Now*,17-Aug 10:46,5.00
214,MSI GeForce GTX 1060 ARMOR 6G Graphics Card,115.0,Pre-owned,11 bids,09-Aug 15:11,4.10
215,MSI GF GTX 1060 ARMOR 6G OCV1 NVIDIA GeForce GTX 1060 6GB GDDR5 VR Graphics Card,160.0,Pre-owned,5 bids,05-Aug 17:03,4.50
218,Graphics card MSI GeForce GTX 1060 ARMOR 6GB OCV1,128.0,Pre-owned,20 bids,28-Jul 19:00,4.10
219,MSI GeForce GTX 1060 ARMOR 6G Graphics Card,132.0,Pre-owned,15 bids,27-Jul 10:19,4.10
221,Graphics card MSI GeForce GTX 1060 ARMOR 6GB OCV1,139.0,Pre-owned,23 bids,18-Jul 20:27,4.10
222,MSI Armor geforce gtx 1060 6gb OCV1,122.01,Pre-owned,9 bids,18-Jul 17:11,9.99
223,Graphics card MSI GeForce GTX 1060 ARMOR 6GB OCV1,137.0,Pre-owned,17 bids,11-Jul 18:48,4.10
224,MSI NVIDIA GTX 1060 ARMOR OC 6GB,149.87,Pre-owned,10 bids,05-Jul 18:07,3.95
225,MSI GeForce GTX 1060  6 GB ARMOR Graphics Card GPU ,135.0,Pre-owned,23 bids,05-Jul 13:44,Free
226,Graphics card MSI GeForce GTX 1060 ARMOR 6GB OCV1,139.0,Pre-owned,14 bids,04-Jul 18:11,4.10
228,Graphics card MSI GeForce GTX 1060 ARMOR 6GB OCV1,135.0,Pre-owned,17 bids,27-Jun 14:20,4.10
229,MSI GeForce GTX 1060 3gb Armor OCV1,98.8,Pre-owned,7 bids,26-Jun 21:32,3.70
230,Graphics card MSI GeForce GTX 1060 ARMOR 6GB OCV1,137.0,Pre-owned,11 bids,20-Jun 13:59,4.10
231,MSI GeForce GTX 1060 ARMOR 6GB GDDR5 OC Graphics Card,155.0,Pre-owned,*Buy Now*,18-Jun 20:25,5.00
232,MSI Gaming Armor GeForce GTX 1060 6GB GDDR5 GTX1060 Armor 6G OC Graphics Card,159.99,Pre-owned,*Buy Now*,18-Jun 11:40,Free
233,MSI NVIDIA GeForce GTX 1060 ARMOR 6GB OC Edition Graphics Card,155.0,Pre-owned,1 bid,17-Jun 19:30,4.00
234,MSI Nvidia Geforce GTX 1060 Armor 6GB,135.0,Pre-owned,7 bids,16-Jun 12:18,3.70
235,MSI ARMOR OC - NVIDIA GeForce GTX 1060 3GB GDDR5 Graphics Card GPU -GTX10603GTOC,105.0,Pre-owned,10 bids,15-Jun 21:20,Free
236,MSI GeForce GTX 1060 ARMOR 6GB OCV1 graphics card,133.0,Pre-owned,20 bids,14-Jun 18:54,4.97
237,MSI GeForce GTX 1060 ARMOR 6GB OCV1 graphics card,142.0,Pre-owned,14 bids,13-Jun 13:04,4.10
238,MSI NVIDIA GeForce GTX 1060 6GB ARMOR OC Graphics Card,144.0,Pre-owned,27 bids,11-Jun 19:54,8.00
239,MSI ARMOR OC - NVIDIA GeForce GTX 1060 3GB GDDR5 Graphics Card GPU -GTX10603GTOC,92.0,Pre-owned,4 bids,07-Jun 13:53,Free
241,MSI GeForce GTX 1060 3GB - Armor - Used ,91.7,Pre-owned,10 bids,02-Jun 06:32,5.90
242,Video card MSI Armor GTX 1060 3GB,107.0,Pre-owned,*Buy Now*,02-Jun 01:40,7.90
243,MSI NVIDIA GeForce GTX 1060 ARMOR 6GB OC Edition Graphics Card,127.0,Pre-owned,3 bids,31-May 11:58,Free
244,Video card GTX 1060 3GB MSI Armor,109.0,Pre-owned,*Buy Now*,30-May 14:01,6.90
245,Video card GTX 1060 3GB MSI Armor,119.0,Pre-owned,*Buy Now*,29-May 08:46,6.90
246,Graphics card MSI GeForce GTX 1060 ARMOR 6GB OCV1,123.88,Pre-owned,17 bids,26-Aug 19:00,4.10
247,MSI Armor OC GTX 1060 6GB Graphics Card 2,144.5,Pre-owned,*Buy Now*,25-Aug 11:45,5.00
248,MSI Armor OC GTX 1060 6GB Graphics Card,144.5,Pre-owned,*Buy Now*,24-Aug 12:47,5.00
249,Graphics card MSI GeForce GTX 1060 ARMOR 6GB OCV1,120.0,Pre-owned,*Buy Now*,23-Aug 15:49,3.70
250,MSI NVIDIA GeForce GTX 1060 6 GB ARMOR 6G OC V1 GDDR5 Graphics Card - Black,169.0,Pre-owned,*Buy Now*,20-Aug 21:31,Free
251,MSI Armor OC GTX 1060 6GB Graphics Card,137.5,Pre-owned,*Buy Now*,19-Aug 19:48,5.00
252,MSI Armor OC GTX 1060 6GB Graphics Card,137.5,Pre-owned,*Buy Now*,17-Aug 23:25,5.00
253,MSI Armor OC GTX 1060 6GB Graphics Card,137.5,Pre-owned,*Buy Now*,17-Aug 12:20,5.00
254,MSI Armor OC GTX 1060 6GB Graphics Card 2,137.5,Pre-owned,*Buy Now*,17-Aug 10:46,5.00
255,MSI GeForce GTX 1060 ARMOR 6G Graphics Card,115.0,Pre-owned,11 bids,09-Aug 15:11,4.10
256,MSI GF GTX 1060 ARMOR 6G OCV1 NVIDIA GeForce GTX 1060 6GB GDDR5 VR Graphics Card,160.0,Pre-owned,5 bids,05-Aug 17:03,4.50
259,Graphics card MSI GeForce GTX 1060 ARMOR 6GB OCV1,128.0,Pre-owned,20 bids,28-Jul 19:00,4.10
260,MSI GeForce GTX 1060 ARMOR 6G Graphics Card,132.0,Pre-owned,15 bids,27-Jul 10:19,4.10
262,Graphics card MSI GeForce GTX 1060 ARMOR 6GB OCV1,139.0,Pre-owned,23 bids,18-Jul 20:27,4.10
263,MSI Armor geforce gtx 1060 6gb OCV1,122.01,Pre-owned,9 bids,18-Jul 17:11,9.99
264,Graphics card MSI GeForce GTX 1060 ARMOR 6GB OCV1,137.0,Pre-owned,17 bids,11-Jul 18:48,4.10
265,MSI NVIDIA GTX 1060 ARMOR OC 6GB,149.87,Pre-owned,10 bids,05-Jul 18:07,3.95
266,MSI GeForce GTX 1060  6 GB ARMOR Graphics Card GPU ,135.0,Pre-owned,23 bids,05-Jul 13:44,Free
267,Graphics card MSI GeForce GTX 1060 ARMOR 6GB OCV1,139.0,Pre-owned,14 bids,04-Jul 18:11,4.10
269,Graphics card MSI GeForce GTX 1060 ARMOR 6GB OCV1,135.0,Pre-owned,17 bids,27-Jun 14:20,4.10
270,MSI GeForce GTX 1060 3gb Armor OCV1,98.8,Pre-owned,7 bids,26-Jun 21:32,3.70
271,Graphics card MSI GeForce GTX 1060 ARMOR 6GB OCV1,137.0,Pre-owned,11 bids,20-Jun 13:59,4.10
272,MSI GeForce GTX 1060 ARMOR 6GB GDDR5 OC Graphics Card,155.0,Pre-owned,*Buy Now*,18-Jun 20:25,5.00
273,MSI Gaming Armor GeForce GTX 1060 6GB GDDR5 GTX1060 Armor 6G OC Graphics Card,159.99,Pre-owned,*Buy Now*,18-Jun 11:40,Free
274,MSI NVIDIA GeForce GTX 1060 ARMOR 6GB OC Edition Graphics Card,155.0,Pre-owned,1 bid,17-Jun 19:30,4.00
275,MSI Nvidia Geforce GTX 1060 Armor 6GB,135.0,Pre-owned,7 bids,16-Jun 12:18,3.70
276,MSI ARMOR OC - NVIDIA GeForce GTX 1060 3GB GDDR5 Graphics Card GPU -GTX10603GTOC,105.0,Pre-owned,10 bids,15-Jun 21:20,Free
277,MSI GeForce GTX 1060 ARMOR 6GB OCV1 graphics card,133.0,Pre-owned,20 bids,14-Jun 18:54,4.97
278,MSI GeForce GTX 1060 ARMOR 6GB OCV1 graphics card,142.0,Pre-owned,14 bids,13-Jun 13:04,4.10
279,MSI NVIDIA GeForce GTX 1060 6GB ARMOR OC Graphics Card,144.0,Pre-owned,27 bids,11-Jun 19:54,8.00
280,MSI ARMOR OC - NVIDIA GeForce GTX 1060 3GB GDDR5 Graphics Card GPU -GTX10603GTOC,92.0,Pre-owned,4 bids,07-Jun 13:53,Free
282,MSI GeForce GTX 1060 3GB - Armor - Used ,91.7,Pre-owned,10 bids,02-Jun 06:32,5.90
283,Video card MSI Armor GTX 1060 3GB,107.0,Pre-owned,*Buy Now*,02-Jun 01:40,7.90
284,MSI NVIDIA GeForce GTX 1060 ARMOR 6GB OC Edition Graphics Card,127.0,Pre-owned,3 bids,31-May 11:58,Free
285,Video card GTX 1060 3GB MSI Armor,109.0,Pre-owned,*Buy Now*,30-May 14:01,6.90
286,Video card GTX 1060 3GB MSI Armor,119.0,Pre-owned,*Buy Now*,29-May 08:46,6.90
