MSI GF GTX 1060 ARMOR 6G OCV1 NVIDIA GeForce GTX 1060 6GB GDDR5 VR Graphics Card,160.00,Pre-owned,5 bids,05-Aug 17:03,4.50
MSI armor geforce GTX 1060 6GB - PARTS ONLY,36.00,Parts only,10 bids,03-Aug 18:50,Free
MSI armor geforce GTX 1060 6GB - PARTS ONLY,30.00,Parts only,5 bids,03-Aug 18:44,Free
Graphics card MSI GeForce GTX 1060 ARMOR 6GB OCV1,128.00,Pre-owned,20 bids,28-Jul 19:00,4.10
MSI GeForce GTX 1060 ARMOR 6G Graphics Card,132.00,Pre-owned,15 bids,27-Jul 10:19,4.10
MSI Gaming Armor GeForce GTX 1060 6GB GDDR5 GTX1060 Armor 6G OC V1 Graphics Card,48.00,Parts only,15 bids,24-Jul 20:03,8.00
Graphics card MSI GeForce GTX 1060 ARMOR 6GB OCV1,139.00,Pre-owned,23 bids,18-Jul 20:27,4.10
MSI Armor geforce gtx 1060 6gb OCV1,122.01,Pre-owned,9 bids,18-Jul 17:11,9.99
Graphics card MSI GeForce GTX 1060 ARMOR 6GB OCV1,137.00,Pre-owned,17 bids,11-Jul 18:48,4.10
MSI NVIDIA GTX 1060 ARMOR OC 6GB,149.87,Pre-owned,10 bids,05-Jul 18:07,3.95
MSI GeForce GTX 1060  6 GB ARMOR Graphics Card GPU ,135.00,Pre-owned,23 bids,05-Jul 13:44,Free
Graphics card MSI GeForce GTX 1060 ARMOR 6GB OCV1,139.00,Pre-owned,14 bids,04-Jul 18:11,4.10
MSI Gaming Armor GeForce GTX 1060 6GB GDDR5 GTX1060 Armor 6G OC V1 Graphics Card,31.00,Parts only,13 bids,03-Jul 19:07,8.00
Graphics card MSI GeForce GTX 1060 ARMOR 6GB OCV1,135.00,Pre-owned,17 bids,27-Jun 14:20,4.10
MSI GeForce GTX 1060 3gb Armor OCV1,98.80,Pre-owned,7 bids,26-Jun 21:32,3.70
Graphics card MSI GeForce GTX 1060 ARMOR 6GB OCV1,137.00,Pre-owned,11 bids,20-Jun 13:59,4.10
MSI GeForce GTX 1060 ARMOR 6GB GDDR5 OC Graphics Card,155.00,Pre-owned,*Buy Now*,18-Jun 20:25,5.00
MSI Gaming Armor GeForce GTX 1060 6GB GDDR5 GTX1060 Armor 6G OC Graphics Card,159.99,Pre-owned,*Buy Now*,18-Jun 11:40,Free
MSI NVIDIA GeForce GTX 1060 ARMOR 6GB OC Edition Graphics Card,155.00,Pre-owned,1 bid,17-Jun 19:30,4.00
MSI Nvidia Geforce GTX 1060 Armor 6GB,135.00,Pre-owned,7 bids,16-Jun 12:18,3.70
MSI ARMOR OC - NVIDIA GeForce GTX 1060 3GB GDDR5 Graphics Card GPU -GTX10603GTOC,105.00,Pre-owned,10 bids,15-Jun 21:20,Free
MSI GeForce GTX 1060 ARMOR 6GB OCV1 graphics card,133.00,Pre-owned,20 bids,14-Jun 18:54,4.97
MSI GeForce GTX 1060 ARMOR 6GB OCV1 graphics card,142.00,Pre-owned,14 bids,13-Jun 13:04,4.10
MSI NVIDIA GeForce GTX 1060 6GB ARMOR OC Graphics Card,144.00,Pre-owned,27 bids,11-Jun 19:54,8.00
MSI ARMOR OC - NVIDIA GeForce GTX 1060 3GB GDDR5 Graphics Card GPU -GTX10603GTOC,92.00,Pre-owned,4 bids,07-Jun 13:53,Free
MSI NVIDIA GeForce GTX 1060 Armor 6gb OC EDITION GDDR5 Graphics Card ,53.00,Parts only,23 bids,05-Jun 19:39,8.00
MSI GeForce GTX 1060 3GB - Armor - Used ,91.70,Pre-owned,10 bids,02-Jun 06:32,5.90
Video card MSI Armor GTX 1060 3GB,107.00,Pre-owned,*Buy Now*,02-Jun 01:40,7.90
MSI NVIDIA GeForce GTX 1060 ARMOR 6GB OC Edition Graphics Card,127.00,Pre-owned,3 bids,31-May 11:58,Free
Video card GTX 1060 3GB MSI Armor,109.00,Pre-owned,*Buy Now*,30-May 14:01,6.90
Video card GTX 1060 3GB MSI Armor,119.00,Pre-owned,*Buy Now*,29-May 08:46,6.90
MSI NVIDIA GeForce GTX 1060 6GB ARMOR OC Graphics Card,159.99,Pre-owned,*Buy Now*,27-May 15:45,Free
MSI NVIDIA GeForce GTX 1060 Armor 3GB OC EDITION GDDR5 Graphics Card (V330-033),134.00,Refurbished,41 bids,16-May 20:01,5.00
New listingSAPPHIRE 11265-01-20G Radeon RX 580 8GB GDDR5 Graphics Card,120.00,Pre-owned,1 bid,09-Aug 21:01,3.70
PowerColor Radeon RX 580 RED DEVIL 8GB DDR5 GRAPHICS CARD *BOXED*,125.00,Pre-owned,18 bids,09-Aug 20:00,6.75
SAPPHIRE AMD Radeon RX 580 8GB GDDR5 Graphics Card,124.20,Pre-owned,39 bids,09-Aug 19:03,22.58
Sapphire Pulse Radeon RX 580 8GB GDDR5 AMD Graphics Card,132.00,Pre-owned,27 bids,09-Aug 19:03,Free
New listingSapphire Nitro+ Radeon RX580 4Gb Graphics Card No Reserve,100.00,Pre-owned,*Buy Now*,09-Aug 18:24,Free
PowerColor AMD Radeon RX 580 Red Dragon V2 8GB GPU Graphics Card,84.55,Pre-owned,3 bids,09-Aug 17:18,4.99
Sapphire AMD Radeon Pulse RX 580 8GB GDDR5 Memory Graphics Card,116.00,Pre-owned,19 bids,09-Aug 16:11,6.50
"Job Lot of  UNTESTED/ FAULTY Graphic Cards, RX580, RX 570, GTX 1050, 760",80.00,Parts only,*Buy Now*,09-Aug 15:36,10.00
SAPPHIRE NITRO+ OC RX 580 4GB GDDR5 Graphics Card 5,102.50,Pre-owned,*Buy Now*,09-Aug 15:10,5.00
Radeon RX 580 ARMOR SP - 8G,121.70,Pre-owned,21 bids,09-Aug 13:33,Free
Sapphire Pulse Radeon RX 580 8GB GDDR5 AMD Graphics Card,114.00,Pre-owned,9 bids,08-Aug 23:05,9.99
MSI Radeon RX 580 Armor 8GB GDDR5 OC Graphics Card,149.99,Brand new,*Buy Now*,08-Aug 22:56,Free
Sapphire Pulse Radeon RX 580 8GB GDDR5 AMD Graphics Card,110.00,Pre-owned,10 bids,08-Aug 22:37,9.99
PowerColor Radeon RX 580 RED DEVIL 8GB DDR5 GRAPHICS CARD *BOXED*,144.95,Pre-owned,*Buy Now*,08-Aug 22:19,Free
Graphics card/video card 8GB JINGYING RX580 GDDR5 256BIT 2048SP 8G NEW,154.85,Brand new,*Buy Now*,08-Aug 22:00,Free
Cooler Fan for MSI RX470 480 570 580 GTX1080Ti 1080 1070 1060 GAMING Card ,14.56,Brand new,*Buy Now*,08-Aug 21:49,Free
GIGABYTE AMD Radeon RX 580 8GB GDDR5 Gaming Graphics Card (GV-RX580GAMING-8GD),123.90,Pre-owned,15 bids,08-Aug 19:52,4.10
Sapphire pulse Radeon RX 580 8GB Sapphire Pulse GDDR5 Graphics Card,36.50,Parts only,13 bids,08-Aug 19:06,8.00
2Pcs CF1015H12S 12V 0.42A Cooler Fan Graphics Card Fans for RX 580 570 480,6.55,Brand new,*Buy Now*,08-Aug 15:51,Free
SAPPHIRE NITRO+ OC RX 580 4GB GDDR5 Graphics Card 3,102.50,Pre-owned,*Buy Now*,08-Aug 15:36,5.00
SAPPHIRE NITRO+ Radeon RX 580 8GB GDDR5 Graphics Card,125.00,Pre-owned,*Buy Now*,08-Aug 13:41,Free
SAPPHIRE NITRO+ Radeon RX 580 8GB GDDR5 Graphics Card,125.00,Pre-owned,*Buy Now*,08-Aug 13:20,Free
SAPPHIRE NITRO+ Radeon RX 580 8GB GDDR5 Graphics Card,125.00,Pre-owned,*Buy Now*,08-Aug 13:16,Free
ASUS ROG Strix AMD Radeon RX 580 8GB GDDR5 Video Card - GAMING PC or Mac Pro,219.43,Refurbished,*Buy Now*,08-Aug 10:03,65.99
SAPPHIRE NITRO+ Radeon RX 580 8GB GDDR5 Graphics Card,125.00,Pre-owned,*Buy Now*,08-Aug 10:02,Free
For ASUS 12V 87MM RX470 RX570 RX580 GTX1070/GTX1080Ti graphics card fan 4/5/6Pin,19.19,New (other),*Buy Now*,08-Aug 07:33,Free
"Sapphire AMD Radeon RX580 8GB Graphics Video Card * Apple Mac Pro 3,1-5,1 *10.15",222.19,Refurbished,*Buy Now*,08-Aug 05:15,Free
XFX AMD Radeon RX580 2048SP 4GB GDDR5 DP/DVI/HDMI PCI-Express Video Card,85.00,Pre-owned,*Buy Now*,08-Aug 00:41,25.00
ASUS Radeon RX 580 Dual OC Edition 4GB GDDR5 Graphics Card,110.00,Pre-owned,17 bids,07-Aug 20:00,8.00
MSI AMD Radeon RX 580 Armor OC 8GB GDDR5 Gaming Graphics Card,41.00,Parts only,13 bids,07-Aug 19:40,8.00
RX 580 8GB Red Devil PowerColor AMD ATI Radeon ( read Description ),132.00,Pre-owned,24 bids,07-Aug 19:25,5.10
SAPPHIRE 11265-01-20G Radeon RX 580 8GB GDDR5 Graphics Card,52.00,Parts only,25 bids,07-Aug 19:13,12.00
SAPPHIRE Radeon RX 580 PULSE 4GB GDDR5 Graphics Card,43.00,Parts only,19 bids,07-Aug 18:57,12.00
XFX AMD Radeon RX 480 RS 8GB Graphics Card,36.00,Parts only,26 bids,07-Aug 18:46,12.00
RX470/RX480/RX570/RX580 All Variant Bios MOD 27/31 Hash 800+ CryptoNig mining,3.82,Brand new,*Buy Now*,07-Aug 17:11,Free
SAPPHIRE NITRO+ Radeon RX 580 8GB GDDR5 Graphics Card,125.00,Pre-owned,*Buy Now*,07-Aug 15:03,Free
SAPPHIRE NITRO+ Radeon RX 580 8GB GDDR5 Graphics Card,125.00,Pre-owned,*Buy Now*,07-Aug 14:54,Free
SAPPHIRE NITRO+ Radeon RX 580 8GB GDDR5 Graphics Card,125.00,Pre-owned,*Buy Now*,07-Aug 14:12,Free
Blackmagic eGPU AMD Raedon Pro 580 8GB RX580 Apple - Boxed,469.99,Pre-owned,*Buy Now*,07-Aug 14:07,9.00
SAPPHIRE NITRO+ OC RX 580 4GB GDDR5 Graphics Card 2,99.50,Pre-owned,*Buy Now*,07-Aug 12:55,5.00
GIGABYTE AORUS AMD Radeon RX 580 8GB GDDR5 Gaming Graphics Card GPU with RGB,140.00,Pre-owned,*Buy Now*,07-Aug 12:54,Free
MSI Radeon RX 580 ARMOR 8G OC Graphics Card,130.00,Pre-owned,*Buy Now*,07-Aug 12:41,Free
SAPPHIRE NITRO+ OC RX 580 4GB GDDR5 Graphics Card,99.50,Pre-owned,*Buy Now*,07-Aug 11:09,5.00
MSI RADEON RX 580 ARMOR 8GB GDDR5 OC Graphics Card - HDMI/DP/DVI-D,139.99,Refurbished,*Buy Now*,07-Aug 10:44,Free
Sapphire Radeon Rx 580 8gb 8gd5 Nitro,167.10,Refurbished,*Buy Now*,07-Aug 09:50,Postage
NEW ASUS DUAL-RX580-O4G Radeon RX 580 OC 4 GB GDDR5 ,91.00,Brand new,11 bids,06-Aug 20:27,10.00
SAPPHIRE NITRO+ OC RX 580 4GB GDDR5 Graphics Card 3,99.50,Pre-owned,*Buy Now*,06-Aug 20:15,5.00
SAPPHIRE Nitro+ Radeon RX 580 8GB GDDR5 Graphics Card,38.00,Parts only,19 bids,06-Aug 19:35,8.00
SAPPHIRE NITRO+ OC RX 580 4GB GDDR5 Graphics Card 2,99.50,Pre-owned,*Buy Now*,06-Aug 19:31,5.00
GV-RX580GAMING-8GD - Gigabyte Radeon RX 580 Gaming 8G,198.33,Brand new,*Buy Now*,06-Aug 18:23,14.99
ASROCK Z77 Extreme4  SOCKET 1155 MOTHERBOARD,45.00,Pre-owned,33 bids,07-Aug 17:38,Free
"ASRock Z77 Extreme4, LGA 1155/Socket H2, Intel (90-MXGKX0-A0UAYZ) Motherboard",67.99,Pre-owned,14 bids,05-Aug 09:15,6.00
Original ASRock Z77 Extreme4 Intel Z77 Motherboard LGA 1155 DDR3,99.61,Refurbished,*Buy Now*,03-Aug 08:58,Free
ASROCK Z77 Extreme4  SOCKET 1155 MOTHERBOARD,114.95,Pre-owned,*Buy Now*,11-Jul 18:44,Free
"ASRock Z77 Extreme4, LGA 1155/Socket H2, Intel (90-MXGKX0-A0UAYZ) Motherboard",70.00,Pre-owned,*Buy Now*,08-Jul 10:27,5.57
"ASRock Z77 Extreme4, LGA 1155/Socket H2, Intel (90-MXGKX0-A0UAYZ) Motherboard",21.30,Parts only,1 bid,03-Jul 11:14,5.59
"ASRock Z77 Extreme4, LGA 1155/Socket H2, Intel (90-MXGKX0-A0UAYZ) Motherboard",99.99,Pre-owned,*Buy Now*,02-Jul 08:03,Free
"ASRock Z77 Extreme4, LGA 1155/Socket H2, Intel (90-MXGKX0-A0UAYZ) Motherboard",52.00,Pre-owned,5 bids,26-Jun 17:53,Free
"ASRock Z77 Extreme4, LGA 1155/Socket H2, Intel (90-MXGKX0-A0UAYZ) Motherboard",82.00,Pre-owned,26 bids,22-Jun 12:57,5.57
ASROCK Z77 Extreme4 SOCKET 1155 MOTHERBOARD,114.95,Pre-owned,*Buy Now*,22-Jun 11:02,Free
"ASRock Z77 Extreme4, LGA 1155/Socket H2, Intel (90-MXGKX0-A0UAYZ) Motherboard",93.00,Pre-owned,19 bids,20-Jun 15:25,5.50
Intel i5-2500k Processor & ASRock Z77 Extreme4 Motherboard BUNDLE,99.00,Pre-owned,5 bids,19-Jun 19:01,4.10
"ASRock Z77 Extreme4, LGA 1155/Socket H2, Intel (90-MXGKX0-A0UAYZ) Motherboard",20.00,Parts only,1 bid,18-Jun 14:12,5.59
"ASRock Z77 Extreme4, LGA 1155/Socket H2, Intel (90-MXGKX0-A0UAYZ) Motherboard",119.99,Pre-owned,*Buy Now*,08-Jun 17:43,Free
"ASRock Z77 Extreme4, LGA 1155/Socket H2, Intel Motherboard",51.00,Pre-owned,14 bids,06-Jun 18:04,5.57
ASROCK Z77 EXTREME4-M LGA1155 INTEL MOTHERBOARD FAULTY WITHOUT I/0 SHIELD,24.99,Parts only,*Buy Now*,01-Jun 18:55,Free
"AsRock Z77 Extreme4 Motherboard (Socket 1155, Intel Z77, Up to 32GB DDR3, ATX)",65.00,Pre-owned,9 bids,31-May 22:29,3.50
ASRock Z77 Extreme4-M Motherboard | MATX Form LGA 1155 | Ivy Bridge Sandy Bridge,60.00,Parts only,*Buy Now*,31-May 14:18,Free
"ASRock Z77 Extreme4, LGA 1155/Socket H2, Intel (90-MXGKX0-A0UAYZ) Motherboard",119.99,Pre-owned,*Buy Now*,27-May 08:43,Free
"ASRock Z77 Extreme4, LGA 1155/Socket H2, Intel (90-MXGKX0-A0UAYZ) Motherboard",110.00,Pre-owned,*Buy Now*,26-May 11:43,Free
"ASRock Z77 Extreme4-m motherboard, LGA 1155, Intel, micro atx",72.00,Pre-owned,*Buy Now*,22-May 00:11,Free
"ASRock Z77 Extreme4, LGA 1155, Intel Motherboard***NO CPU INCLUDED***",70.00,Pre-owned,17 bids,15-May 20:00,5.57
"ASRock Z77 Extreme4, LGA 1155, Intel Motherboard includes IO Shield",119.99,Pre-owned,*Buy Now*,13-May 16:54,4.99
"New listingASRock Z77 Extreme4, LGA 1155, Intel (90-MXGKS0-A0UAYZ) Motherboard",80.45,Pre-owned,*Buy Now*,10-Aug 00:25,42.14
Manual & DVD ASRock z77 Extreme 6 tb4 * Perfect * Desktop PC Installation Guide,8.12,New (other),1 bid,06-Aug 21:18,5.33
ASRock Motherboard Z77 Extreme4 LGA 1155 Intel Z77 Chipset DDR3 ATX,86.58,Refurbished,*Buy Now*,03-Aug 20:25,13.02
ASRock z77 Extreme 4 Intel z77 Motherboard ATX Socket 1155 #33094,91.09,Pre-owned,*Buy Now*,30-Jul 14:36,17.07
"ASRock Z77 Extreme 4, LGA 1155/Socket H2, Intel Motherboard",65.90,Pre-owned,15 bids,27-Jul 22:24,24.19
ASRock Z77 Extreme 4-M Intel Motherboard Micro ATX Socket 1155 faulty #310410,15.46,Parts only,1 bid,27-Jul 16:52,17.07
ASRock Z77 Extreme4 motherboard + i7-3770K processor + 16GB RAM,126.43,Pre-owned,29 bids,25-Jul 20:35,25.20
"ASRock Z77 Extreme4, LGA 1155, Intel (90-MXGKX0-A0UAYZ) Motherboard",122.59,Refurbished,*Buy Now*,19-Jul 22:35,27.58
ASRock Z77 Extreme 4 LGA 1155 Intel Z77 HDMI SATA 6Gb/s USB 3.0 ATX Motherboard Top,81.28,Pre-owned,*Buy Now*,11-Jul 13:34,16.26
	ASRock Motherboard Z77 Extreme4 LGA 1155 Z77 Chipset DDR3 ATX,58.23,Pre-owned,9 bids,05-Jul 22:46,21.01
"ASRock Z77 Extreme4, LGA 1155, Intel (90-MXGKX0-A0UAYZ) Motherboard",17.24,Parts only,1 bid,04-Jul 20:19,29.97
"ASRock Z77 Extreme 6, LGA 1155/Socket H2, Intel Motherboard With I5-3570k.",70.49,Pre-owned,12 bids,01-Jul 03:28,33.25
asrock z77 extreme4 atx lga1155 motherboard with intel i5 2500k,57.47,Pre-owned,8 bids,24-Jun 23:08,33.41
"ASRock Z77 Extreme 4, LGA 1155/Socket H2, Intel (90-MXGKX0 - a 0 UAYZ) Motherboard",74.07,Pre-owned,51 bids,14-Jun 18:57,19.87
ASRock Z77 Extreme4 LGA 1155 Motherboard with Intel i7-3770k,86.20,Pre-owned,18 bids,08-Jun 01:16,29.78
Asrock Z77 Extreme4 Motherboard - LG1155 Intel Z77,65.99,Pre-owned,2 bids,07-Jun 04:46,29.70
ASRock Z77 Extreme 4-M Intel Motherboard Micro ATX Socket 1155 faulty #310410,15.46,Parts only,1 bid,05-Jun 15:20,17.07
"ASRock Z77 Extreme4, LGA 1155, Intel (90-MXGKX0-A0UAYZ) Motherboard",62.06,Pre-owned,6 bids,02-Jun 11:00,29.38
ASRock z77 Extreme 4-m socket 1155,90.33,Refurbished,*Buy Now*,01-Jun 20:33,19.87
ASRock Z77 Extreme4 LGA 1155 Motherboard w/ Intel i7-3770k & 32gb ddr3,181.21,Pre-owned,21 bids,29-May 00:00,33.77
ASRock Z77 Pro4 Motherboard,78.00,Pre-owned,10 bids,26-Jul 18:30,2.90
ASRock Z270 Extreme4 - LGA 1151 - Motherboard,41.00,Pre-owned,9 bids,06-Aug 19:56,4.45
ASRock Z77 Extreme6 LGA 1155 Socket H2 Intel Motherboard,72.00,Pre-owned,28 bids,06-Jul 21:06,15.00
"ASRock Z77 Extreme6, LGA 1155/Socket H2, Intel Motherboard",70.00,Pre-owned,14 bids,04-Aug 17:11,9.02
"ASRock Z77 Extreme6, LGA 1155/Socket H2, Intel (90-MXGJK0-A0UAYZ) Motherboard",52.00,Pre-owned,19 bids,02-Aug 13:29,10.00
"ASRock Z68 Extreme4, LGA 1155/Socket H2 Motherboard",52.00,Pre-owned,7 bids,20-Jun 18:49,5.57
ASRock Z170 Extreme 6 LGA 1151 ATX Motherboard,58.50,Pre-owned,5 bids,14-Jul 19:33,7.50
ASRock Z370 Extreme4 Motherboard See Description!,46.00,Pre-owned,16 bids,14-Jun 21:41,4.00
ASRock Z390 Extreme4 motherboard,102.00,Pre-owned,27 bids,03-Jun 19:19,Free
ASRock Z68 Extreme4 LGA 1155 Intel Motherboard,55.50,Pre-owned,11 bids,25-May 14:45,4.10
ASRock Z87 Extreme4 Motherboard,50.00,Pre-owned,5 bids,11-Jun 10:09,5.57
ASRock Z170 Extreme 6 LGA 1151 ATX Motherboard,46.00,Pre-owned,4 bids,22-Jul 18:29,7.50
ASROCK Z77 Extreme6  SOCKET 1155 MOTHERBOARD,99.95,Pre-owned,*Buy Now*,20-May 22:08,Free
"ASRock Z97 Extreme4, LGA 1150/Socket H3, Intel Motherboard",87.00,Pre-owned,19 bids,06-Jul 13:51,5.57
"ASRock Z97 Extreme4, LGA 1150/Socket H3, Intel Motherboard",91.00,Pre-owned,18 bids,26-Jun 19:53,4.10
Asrock Z77E-ITX Mini-ITX Skt 1155 Motherboard with upgraded WI-FI and Bluetooth,72.00,Pre-owned,7 bids,03-Aug 19:00,4.36
ASROCK X299M EXTREME4 INTEL MOTHERBOARD Brand New,150.00,Brand new,1 bid,09-Aug 17:47,5.57
ASRock Z170 Extreme4 Motherboard -  7th and 6th Gen Intel® Core™ Socket 1151,71.00,Pre-owned,2 bids,22-May 23:59,Free
"ASRock Z97 Extreme4, LGA 1150/Socket H3, Intel Motherboard",76.00,Pre-owned,14 bids,19-Jun 21:20,7.00
Asrock Z390 Extreme4 Intel Z390 1151 ATX,102.00,Pre-owned,15 bids,16-Jun 12:23,9.99
Asrock Z170 Extreme4 Motherboard,79.00,Pre-owned,1 bid,03-Jul 12:08,3.10
ASRock Fatal1ty Z170 Gaming K4 socket LGA1151 motherboard,45.57,Pre-owned,3 bids,27-Jun 17:44,Free
ASROCK Z390 PRO4 MOTHERBOARD ATX INTEL skt 1151,53.00,Pre-owned,11 bids,19-Jul 19:57,8.00
ASROCK Z87 Extreme 4/A/ASR LGA1150 (90-MXGPC0-A0UAYZ),70.00,Refurbished,*Buy Now*,07-Jul 15:11,Free
ASRock socket AM3+  970 extreme 4 motherboard 90-MXGIP0-A0UAYZ,47.00,Pre-owned,22 bids,05-Jul 13:49,Free
ASRock FATAL1TY Performance socket 1155 motherboard z77 ATX,71.00,Pre-owned,6 bids,12-May 17:13,5.99
ASRock H77 Pro4-M Intel LGA1155 motherboard Micro ATX HDMI,64.00,Refurbished,10 bids,08-Jun 20:44,9.02
